,Monocyte,pair
"('B',)",0.3111,"('B',)"
"('CD8',)",0.5979,"('CD8',)"
"('Cholangiocyte',)",0.4573,"('Cholangiocyte',)"
"('Hepatocyte',)",0.3783,"('Hepatocyte',)"
"('Kupffer',)",-0.2411,"('Kupffer',)"
"('LSEC',)",-0.1868,"('LSEC',)"
"('NK',)",0.5934,"('NK',)"
"('Neutrophil',)",0.6267,"('Neutrophil',)"
"('Stellate',)",0.2634,"('Stellate',)"
"('B', 'CD8')",0.6315,"('B', 'CD8')"
"('B', 'Cholangiocyte')",0.5764,"('B', 'Cholangiocyte')"
"('B', 'Hepatocyte')",0.5358,"('B', 'Hepatocyte')"
"('B', 'Kupffer')",-0.1885,"('B', 'Kupffer')"
"('B', 'LSEC')",-0.0588,"('B', 'LSEC')"
"('B', 'NK')",0.647,"('B', 'NK')"
"('B', 'Neutrophil')",0.7185,"('B', 'Neutrophil')"
"('B', 'Stellate')",0.4202,"('B', 'Stellate')"
"('CD8', 'Cholangiocyte')",0.6989,"('CD8', 'Cholangiocyte')"
"('CD8', 'Hepatocyte')",0.7199,"('CD8', 'Hepatocyte')"
"('CD8', 'Kupffer')",0.3924,"('CD8', 'Kupffer')"
"('CD8', 'LSEC')",0.5119,"('CD8', 'LSEC')"
"('CD8', 'NK')",0.6122,"('CD8', 'NK')"
"('CD8', 'Neutrophil')",0.6449,"('CD8', 'Neutrophil')"
"('CD8', 'Stellate')",0.5113,"('CD8', 'Stellate')"
"('Cholangiocyte', 'Hepatocyte')",0.5006,"('Cholangiocyte', 'Hepatocyte')"
"('Cholangiocyte', 'Kupffer')",0.0204,"('Cholangiocyte', 'Kupffer')"
"('Cholangiocyte', 'LSEC')",0.1559,"('Cholangiocyte', 'LSEC')"
"('Cholangiocyte', 'NK')",0.6995,"('Cholangiocyte', 'NK')"
"('Cholangiocyte', 'Neutrophil')",0.7133,"('Cholangiocyte', 'Neutrophil')"
"('Cholangiocyte', 'Stellate')",0.5271,"('Cholangiocyte', 'Stellate')"
"('Hepatocyte', 'Kupffer')",0.0143,"('Hepatocyte', 'Kupffer')"
"('Hepatocyte', 'LSEC')",0.2144,"('Hepatocyte', 'LSEC')"
"('Hepatocyte', 'NK')",0.7152,"('Hepatocyte', 'NK')"
"('Hepatocyte', 'Neutrophil')",0.647,"('Hepatocyte', 'Neutrophil')"
"('Hepatocyte', 'Stellate')",0.5103,"('Hepatocyte', 'Stellate')"
"('Kupffer', 'LSEC')",-0.1389,"('Kupffer', 'LSEC')"
"('Kupffer', 'NK')",0.3584,"('Kupffer', 'NK')"
"('Kupffer', 'Neutrophil')",0.3335,"('Kupffer', 'Neutrophil')"
"('Kupffer', 'Stellate')",0.0712,"('Kupffer', 'Stellate')"
"('LSEC', 'NK')",0.4872,"('LSEC', 'NK')"
"('LSEC', 'Neutrophil')",0.5617,"('LSEC', 'Neutrophil')"
"('LSEC', 'Stellate')",0.1985,"('LSEC', 'Stellate')"
"('NK', 'Neutrophil')",0.6561,"('NK', 'Neutrophil')"
"('NK', 'Stellate')",0.5254,"('NK', 'Stellate')"
"('Neutrophil', 'Stellate')",0.5688,"('Neutrophil', 'Stellate')"
"('B', 'CD8', 'Cholangiocyte')",0.7307,"('B', 'CD8', 'Cholangiocyte')"
"('B', 'CD8', 'Hepatocyte')",0.721,"('B', 'CD8', 'Hepatocyte')"
"('B', 'CD8', 'Kupffer')",0.3636,"('B', 'CD8', 'Kupffer')"
"('B', 'CD8', 'LSEC')",0.4935,"('B', 'CD8', 'LSEC')"
"('B', 'CD8', 'NK')",0.6481,"('B', 'CD8', 'NK')"
"('B', 'CD8', 'Neutrophil')",0.6907,"('B', 'CD8', 'Neutrophil')"
"('B', 'CD8', 'Stellate')",0.553,"('B', 'CD8', 'Stellate')"
"('B', 'Cholangiocyte', 'Hepatocyte')",0.5966,"('B', 'Cholangiocyte', 'Hepatocyte')"
"('B', 'Cholangiocyte', 'Kupffer')",0.0882,"('B', 'Cholangiocyte', 'Kupffer')"
"('B', 'Cholangiocyte', 'LSEC')",0.1941,"('B', 'Cholangiocyte', 'LSEC')"
"('B', 'Cholangiocyte', 'NK')",0.7716,"('B', 'Cholangiocyte', 'NK')"
"('B', 'Cholangiocyte', 'Neutrophil')",0.7606,"('B', 'Cholangiocyte', 'Neutrophil')"
"('B', 'Cholangiocyte', 'Stellate')",0.5798,"('B', 'Cholangiocyte', 'Stellate')"
"('B', 'Hepatocyte', 'Kupffer')",0.0906,"('B', 'Hepatocyte', 'Kupffer')"
"('B', 'Hepatocyte', 'LSEC')",0.2778,"('B', 'Hepatocyte', 'LSEC')"
"('B', 'Hepatocyte', 'NK')",0.7195,"('B', 'Hepatocyte', 'NK')"
"('B', 'Hepatocyte', 'Neutrophil')",0.6764,"('B', 'Hepatocyte', 'Neutrophil')"
"('B', 'Hepatocyte', 'Stellate')",0.569,"('B', 'Hepatocyte', 'Stellate')"
"('B', 'Kupffer', 'LSEC')",-0.093,"('B', 'Kupffer', 'LSEC')"
"('B', 'Kupffer', 'NK')",0.3886,"('B', 'Kupffer', 'NK')"
"('B', 'Kupffer', 'Neutrophil')",0.5771,"('B', 'Kupffer', 'Neutrophil')"
"('B', 'Kupffer', 'Stellate')",0.127,"('B', 'Kupffer', 'Stellate')"
"('B', 'LSEC', 'NK')",0.514,"('B', 'LSEC', 'NK')"
"('B', 'LSEC', 'Neutrophil')",0.7005,"('B', 'LSEC', 'Neutrophil')"
"('B', 'LSEC', 'Stellate')",0.2609,"('B', 'LSEC', 'Stellate')"
"('B', 'NK', 'Neutrophil')",0.695,"('B', 'NK', 'Neutrophil')"
"('B', 'NK', 'Stellate')",0.5607,"('B', 'NK', 'Stellate')"
"('B', 'Neutrophil', 'Stellate')",0.6389,"('B', 'Neutrophil', 'Stellate')"
"('CD8', 'Cholangiocyte', 'Hepatocyte')",0.7568,"('CD8', 'Cholangiocyte', 'Hepatocyte')"
"('CD8', 'Cholangiocyte', 'Kupffer')",0.3536,"('CD8', 'Cholangiocyte', 'Kupffer')"
"('CD8', 'Cholangiocyte', 'LSEC')",0.6091,"('CD8', 'Cholangiocyte', 'LSEC')"
"('CD8', 'Cholangiocyte', 'NK')",0.7034,"('CD8', 'Cholangiocyte', 'NK')"
"('CD8', 'Cholangiocyte', 'Neutrophil')",0.7232,"('CD8', 'Cholangiocyte', 'Neutrophil')"
"('CD8', 'Cholangiocyte', 'Stellate')",0.6661,"('CD8', 'Cholangiocyte', 'Stellate')"
"('CD8', 'Hepatocyte', 'Kupffer')",0.3883,"('CD8', 'Hepatocyte', 'Kupffer')"
"('CD8', 'Hepatocyte', 'LSEC')",0.5038,"('CD8', 'Hepatocyte', 'LSEC')"
"('CD8', 'Hepatocyte', 'NK')",0.74,"('CD8', 'Hepatocyte', 'NK')"
"('CD8', 'Hepatocyte', 'Neutrophil')",0.6913,"('CD8', 'Hepatocyte', 'Neutrophil')"
"('CD8', 'Hepatocyte', 'Stellate')",0.6751,"('CD8', 'Hepatocyte', 'Stellate')"
"('CD8', 'Kupffer', 'LSEC')",0.1861,"('CD8', 'Kupffer', 'LSEC')"
"('CD8', 'Kupffer', 'NK')",0.4431,"('CD8', 'Kupffer', 'NK')"
"('CD8', 'Kupffer', 'Neutrophil')",0.7446,"('CD8', 'Kupffer', 'Neutrophil')"
"('CD8', 'Kupffer', 'Stellate')",0.527,"('CD8', 'Kupffer', 'Stellate')"
"('CD8', 'LSEC', 'NK')",0.5823,"('CD8', 'LSEC', 'NK')"
"('CD8', 'LSEC', 'Neutrophil')",0.7188,"('CD8', 'LSEC', 'Neutrophil')"
"('CD8', 'LSEC', 'Stellate')",0.5541,"('CD8', 'LSEC', 'Stellate')"
"('CD8', 'NK', 'Neutrophil')",0.658,"('CD8', 'NK', 'Neutrophil')"
"('CD8', 'NK', 'Stellate')",0.5369,"('CD8', 'NK', 'Stellate')"
"('CD8', 'Neutrophil', 'Stellate')",0.6075,"('CD8', 'Neutrophil', 'Stellate')"
"('Cholangiocyte', 'Hepatocyte', 'Kupffer')",0.1222,"('Cholangiocyte', 'Hepatocyte', 'Kupffer')"
"('Cholangiocyte', 'Hepatocyte', 'LSEC')",0.3141,"('Cholangiocyte', 'Hepatocyte', 'LSEC')"
"('Cholangiocyte', 'Hepatocyte', 'NK')",0.7388,"('Cholangiocyte', 'Hepatocyte', 'NK')"
"('Cholangiocyte', 'Hepatocyte', 'Neutrophil')",0.7123,"('Cholangiocyte', 'Hepatocyte', 'Neutrophil')"
"('Cholangiocyte', 'Hepatocyte', 'Stellate')",0.5644,"('Cholangiocyte', 'Hepatocyte', 'Stellate')"
"('Cholangiocyte', 'Kupffer', 'LSEC')",-0.0714,"('Cholangiocyte', 'Kupffer', 'LSEC')"
"('Cholangiocyte', 'Kupffer', 'NK')",0.3519,"('Cholangiocyte', 'Kupffer', 'NK')"
"('Cholangiocyte', 'Kupffer', 'Neutrophil')",0.3853,"('Cholangiocyte', 'Kupffer', 'Neutrophil')"
"('Cholangiocyte', 'Kupffer', 'Stellate')",0.2165,"('Cholangiocyte', 'Kupffer', 'Stellate')"
"('Cholangiocyte', 'LSEC', 'NK')",0.5649,"('Cholangiocyte', 'LSEC', 'NK')"
"('Cholangiocyte', 'LSEC', 'Neutrophil')",0.6634,"('Cholangiocyte', 'LSEC', 'Neutrophil')"
"('Cholangiocyte', 'LSEC', 'Stellate')",0.4232,"('Cholangiocyte', 'LSEC', 'Stellate')"
"('Cholangiocyte', 'NK', 'Neutrophil')",0.6967,"('Cholangiocyte', 'NK', 'Neutrophil')"
"('Cholangiocyte', 'NK', 'Stellate')",0.6642,"('Cholangiocyte', 'NK', 'Stellate')"
"('Cholangiocyte', 'Neutrophil', 'Stellate')",0.6576,"('Cholangiocyte', 'Neutrophil', 'Stellate')"
"('Hepatocyte', 'Kupffer', 'LSEC')",0.0257,"('Hepatocyte', 'Kupffer', 'LSEC')"
"('Hepatocyte', 'Kupffer', 'NK')",0.3723,"('Hepatocyte', 'Kupffer', 'NK')"
"('Hepatocyte', 'Kupffer', 'Neutrophil')",0.456,"('Hepatocyte', 'Kupffer', 'Neutrophil')"
"('Hepatocyte', 'Kupffer', 'Stellate')",0.1729,"('Hepatocyte', 'Kupffer', 'Stellate')"
"('Hepatocyte', 'LSEC', 'NK')",0.4951,"('Hepatocyte', 'LSEC', 'NK')"
"('Hepatocyte', 'LSEC', 'Neutrophil')",0.5969,"('Hepatocyte', 'LSEC', 'Neutrophil')"
"('Hepatocyte', 'LSEC', 'Stellate')",0.3609,"('Hepatocyte', 'LSEC', 'Stellate')"
"('Hepatocyte', 'NK', 'Neutrophil')",0.6835,"('Hepatocyte', 'NK', 'Neutrophil')"
"('Hepatocyte', 'NK', 'Stellate')",0.6656,"('Hepatocyte', 'NK', 'Stellate')"
"('Hepatocyte', 'Neutrophil', 'Stellate')",0.5932,"('Hepatocyte', 'Neutrophil', 'Stellate')"
"('Kupffer', 'LSEC', 'NK')",0.1827,"('Kupffer', 'LSEC', 'NK')"
"('Kupffer', 'LSEC', 'Neutrophil')",0.2703,"('Kupffer', 'LSEC', 'Neutrophil')"
"('Kupffer', 'LSEC', 'Stellate')",0.0694,"('Kupffer', 'LSEC', 'Stellate')"
"('Kupffer', 'NK', 'Neutrophil')",0.7291,"('Kupffer', 'NK', 'Neutrophil')"
"('Kupffer', 'NK', 'Stellate')",0.5136,"('Kupffer', 'NK', 'Stellate')"
"('Kupffer', 'Neutrophil', 'Stellate')",0.4801,"('Kupffer', 'Neutrophil', 'Stellate')"
"('LSEC', 'NK', 'Neutrophil')",0.7154,"('LSEC', 'NK', 'Neutrophil')"
"('LSEC', 'NK', 'Stellate')",0.5403,"('LSEC', 'NK', 'Stellate')"
"('LSEC', 'Neutrophil', 'Stellate')",0.5841,"('LSEC', 'Neutrophil', 'Stellate')"
"('NK', 'Neutrophil', 'Stellate')",0.6138,"('NK', 'Neutrophil', 'Stellate')"
"('B', 'CD8', 'Cholangiocyte', 'Hepatocyte')",0.766,"('B', 'CD8', 'Cholangiocyte', 'Hepatocyte')"
"('B', 'CD8', 'Cholangiocyte', 'Kupffer')",0.3142,"('B', 'CD8', 'Cholangiocyte', 'Kupffer')"
"('B', 'CD8', 'Cholangiocyte', 'LSEC')",0.5804,"('B', 'CD8', 'Cholangiocyte', 'LSEC')"
"('B', 'CD8', 'Cholangiocyte', 'NK')",0.7467,"('B', 'CD8', 'Cholangiocyte', 'NK')"
"('B', 'CD8', 'Cholangiocyte', 'Neutrophil')",0.7176,"('B', 'CD8', 'Cholangiocyte', 'Neutrophil')"
"('B', 'CD8', 'Cholangiocyte', 'Stellate')",0.6831,"('B', 'CD8', 'Cholangiocyte', 'Stellate')"
"('B', 'CD8', 'Hepatocyte', 'Kupffer')",0.3642,"('B', 'CD8', 'Hepatocyte', 'Kupffer')"
"('B', 'CD8', 'Hepatocyte', 'LSEC')",0.4947,"('B', 'CD8', 'Hepatocyte', 'LSEC')"
"('B', 'CD8', 'Hepatocyte', 'NK')",0.7498,"('B', 'CD8', 'Hepatocyte', 'NK')"
"('B', 'CD8', 'Hepatocyte', 'Neutrophil')",0.6807,"('B', 'CD8', 'Hepatocyte', 'Neutrophil')"
"('B', 'CD8', 'Hepatocyte', 'Stellate')",0.7084,"('B', 'CD8', 'Hepatocyte', 'Stellate')"
"('B', 'CD8', 'Kupffer', 'LSEC')",0.1533,"('B', 'CD8', 'Kupffer', 'LSEC')"
"('B', 'CD8', 'Kupffer', 'NK')",0.3883,"('B', 'CD8', 'Kupffer', 'NK')"
"('B', 'CD8', 'Kupffer', 'Neutrophil')",0.7646,"('B', 'CD8', 'Kupffer', 'Neutrophil')"
"('B', 'CD8', 'Kupffer', 'Stellate')",0.4975,"('B', 'CD8', 'Kupffer', 'Stellate')"
"('B', 'CD8', 'LSEC', 'NK')",0.5561,"('B', 'CD8', 'LSEC', 'NK')"
"('B', 'CD8', 'LSEC', 'Neutrophil')",0.7537,"('B', 'CD8', 'LSEC', 'Neutrophil')"
"('B', 'CD8', 'LSEC', 'Stellate')",0.569,"('B', 'CD8', 'LSEC', 'Stellate')"
"('B', 'CD8', 'NK', 'Neutrophil')",0.6973,"('B', 'CD8', 'NK', 'Neutrophil')"
"('B', 'CD8', 'NK', 'Stellate')",0.5705,"('B', 'CD8', 'NK', 'Stellate')"
"('B', 'CD8', 'Neutrophil', 'Stellate')",0.6528,"('B', 'CD8', 'Neutrophil', 'Stellate')"
"('B', 'Cholangiocyte', 'Hepatocyte', 'Kupffer')",0.19,"('B', 'Cholangiocyte', 'Hepatocyte', 'Kupffer')"
"('B', 'Cholangiocyte', 'Hepatocyte', 'LSEC')",0.3507,"('B', 'Cholangiocyte', 'Hepatocyte', 'LSEC')"
"('B', 'Cholangiocyte', 'Hepatocyte', 'NK')",0.7415,"('B', 'Cholangiocyte', 'Hepatocyte', 'NK')"
"('B', 'Cholangiocyte', 'Hepatocyte', 'Neutrophil')",0.758,"('B', 'Cholangiocyte', 'Hepatocyte', 'Neutrophil')"
"('B', 'Cholangiocyte', 'Hepatocyte', 'Stellate')",0.612,"('B', 'Cholangiocyte', 'Hepatocyte', 'Stellate')"
"('B', 'Cholangiocyte', 'Kupffer', 'LSEC')",-0.07,"('B', 'Cholangiocyte', 'Kupffer', 'LSEC')"
"('B', 'Cholangiocyte', 'Kupffer', 'NK')",0.3179,"('B', 'Cholangiocyte', 'Kupffer', 'NK')"
"('B', 'Cholangiocyte', 'Kupffer', 'Neutrophil')",0.4595,"('B', 'Cholangiocyte', 'Kupffer', 'Neutrophil')"
"('B', 'Cholangiocyte', 'Kupffer', 'Stellate')",0.2162,"('B', 'Cholangiocyte', 'Kupffer', 'Stellate')"
"('B', 'Cholangiocyte', 'LSEC', 'NK')",0.5711,"('B', 'Cholangiocyte', 'LSEC', 'NK')"
"('B', 'Cholangiocyte', 'LSEC', 'Neutrophil')",0.7369,"('B', 'Cholangiocyte', 'LSEC', 'Neutrophil')"
"('B', 'Cholangiocyte', 'LSEC', 'Stellate')",0.4311,"('B', 'Cholangiocyte', 'LSEC', 'Stellate')"
"('B', 'Cholangiocyte', 'NK', 'Neutrophil')",0.7211,"('B', 'Cholangiocyte', 'NK', 'Neutrophil')"
"('B', 'Cholangiocyte', 'NK', 'Stellate')",0.6789,"('B', 'Cholangiocyte', 'NK', 'Stellate')"
"('B', 'Cholangiocyte', 'Neutrophil', 'Stellate')",0.677,"('B', 'Cholangiocyte', 'Neutrophil', 'Stellate')"
"('B', 'Hepatocyte', 'Kupffer', 'LSEC')",0.0984,"('B', 'Hepatocyte', 'Kupffer', 'LSEC')"
"('B', 'Hepatocyte', 'Kupffer', 'NK')",0.3851,"('B', 'Hepatocyte', 'Kupffer', 'NK')"
"('B', 'Hepatocyte', 'Kupffer', 'Neutrophil')",0.5033,"('B', 'Hepatocyte', 'Kupffer', 'Neutrophil')"
"('B', 'Hepatocyte', 'Kupffer', 'Stellate')",0.2112,"('B', 'Hepatocyte', 'Kupffer', 'Stellate')"
"('B', 'Hepatocyte', 'LSEC', 'NK')",0.5222,"('B', 'Hepatocyte', 'LSEC', 'NK')"
"('B', 'Hepatocyte', 'LSEC', 'Neutrophil')",0.6311,"('B', 'Hepatocyte', 'LSEC', 'Neutrophil')"
"('B', 'Hepatocyte', 'LSEC', 'Stellate')",0.3732,"('B', 'Hepatocyte', 'LSEC', 'Stellate')"
"('B', 'Hepatocyte', 'NK', 'Neutrophil')",0.6717,"('B', 'Hepatocyte', 'NK', 'Neutrophil')"
"('B', 'Hepatocyte', 'NK', 'Stellate')",0.7,"('B', 'Hepatocyte', 'NK', 'Stellate')"
"('B', 'Hepatocyte', 'Neutrophil', 'Stellate')",0.6171,"('B', 'Hepatocyte', 'Neutrophil', 'Stellate')"
"('B', 'Kupffer', 'LSEC', 'NK')",0.1894,"('B', 'Kupffer', 'LSEC', 'NK')"
"('B', 'Kupffer', 'LSEC', 'Neutrophil')",0.435,"('B', 'Kupffer', 'LSEC', 'Neutrophil')"
"('B', 'Kupffer', 'LSEC', 'Stellate')",0.0809,"('B', 'Kupffer', 'LSEC', 'Stellate')"
"('B', 'Kupffer', 'NK', 'Neutrophil')",0.7625,"('B', 'Kupffer', 'NK', 'Neutrophil')"
"('B', 'Kupffer', 'NK', 'Stellate')",0.5363,"('B', 'Kupffer', 'NK', 'Stellate')"
"('B', 'Kupffer', 'Neutrophil', 'Stellate')",0.5849,"('B', 'Kupffer', 'Neutrophil', 'Stellate')"
"('B', 'LSEC', 'NK', 'Neutrophil')",0.75,"('B', 'LSEC', 'NK', 'Neutrophil')"
"('B', 'LSEC', 'NK', 'Stellate')",0.5547,"('B', 'LSEC', 'NK', 'Stellate')"
"('B', 'LSEC', 'Neutrophil', 'Stellate')",0.6528,"('B', 'LSEC', 'Neutrophil', 'Stellate')"
"('B', 'NK', 'Neutrophil', 'Stellate')",0.654,"('B', 'NK', 'Neutrophil', 'Stellate')"
"('CD8', 'Cholangiocyte', 'Hepatocyte', 'Kupffer')",0.471,"('CD8', 'Cholangiocyte', 'Hepatocyte', 'Kupffer')"
"('CD8', 'Cholangiocyte', 'Hepatocyte', 'LSEC')",0.539,"('CD8', 'Cholangiocyte', 'Hepatocyte', 'LSEC')"
"('CD8', 'Cholangiocyte', 'Hepatocyte', 'NK')",0.7702,"('CD8', 'Cholangiocyte', 'Hepatocyte', 'NK')"
"('CD8', 'Cholangiocyte', 'Hepatocyte', 'Neutrophil')",0.7207,"('CD8', 'Cholangiocyte', 'Hepatocyte', 'Neutrophil')"
"('CD8', 'Cholangiocyte', 'Hepatocyte', 'Stellate')",0.725,"('CD8', 'Cholangiocyte', 'Hepatocyte', 'Stellate')"
"('CD8', 'Cholangiocyte', 'Kupffer', 'LSEC')",0.2417,"('CD8', 'Cholangiocyte', 'Kupffer', 'LSEC')"
"('CD8', 'Cholangiocyte', 'Kupffer', 'NK')",0.3606,"('CD8', 'Cholangiocyte', 'Kupffer', 'NK')"
"('CD8', 'Cholangiocyte', 'Kupffer', 'Neutrophil')",0.677,"('CD8', 'Cholangiocyte', 'Kupffer', 'Neutrophil')"
"('CD8', 'Cholangiocyte', 'Kupffer', 'Stellate')",0.451,"('CD8', 'Cholangiocyte', 'Kupffer', 'Stellate')"
"('CD8', 'Cholangiocyte', 'LSEC', 'NK')",0.6408,"('CD8', 'Cholangiocyte', 'LSEC', 'NK')"
"('CD8', 'Cholangiocyte', 'LSEC', 'Neutrophil')",0.7682,"('CD8', 'Cholangiocyte', 'LSEC', 'Neutrophil')"
"('CD8', 'Cholangiocyte', 'LSEC', 'Stellate')",0.6422,"('CD8', 'Cholangiocyte', 'LSEC', 'Stellate')"
"('CD8', 'Cholangiocyte', 'NK', 'Neutrophil')",0.723,"('CD8', 'Cholangiocyte', 'NK', 'Neutrophil')"
"('CD8', 'Cholangiocyte', 'NK', 'Stellate')",0.6887,"('CD8', 'Cholangiocyte', 'NK', 'Stellate')"
"('CD8', 'Cholangiocyte', 'Neutrophil', 'Stellate')",0.6899,"('CD8', 'Cholangiocyte', 'Neutrophil', 'Stellate')"
"('CD8', 'Hepatocyte', 'Kupffer', 'LSEC')",0.3554,"('CD8', 'Hepatocyte', 'Kupffer', 'LSEC')"
"('CD8', 'Hepatocyte', 'Kupffer', 'NK')",0.432,"('CD8', 'Hepatocyte', 'Kupffer', 'NK')"
"('CD8', 'Hepatocyte', 'Kupffer', 'Neutrophil')",0.6344,"('CD8', 'Hepatocyte', 'Kupffer', 'Neutrophil')"
"('CD8', 'Hepatocyte', 'Kupffer', 'Stellate')",0.4362,"('CD8', 'Hepatocyte', 'Kupffer', 'Stellate')"
"('CD8', 'Hepatocyte', 'LSEC', 'NK')",0.5509,"('CD8', 'Hepatocyte', 'LSEC', 'NK')"
"('CD8', 'Hepatocyte', 'LSEC', 'Neutrophil')",0.6859,"('CD8', 'Hepatocyte', 'LSEC', 'Neutrophil')"
"('CD8', 'Hepatocyte', 'LSEC', 'Stellate')",0.5516,"('CD8', 'Hepatocyte', 'LSEC', 'Stellate')"
"('CD8', 'Hepatocyte', 'NK', 'Neutrophil')",0.6923,"('CD8', 'Hepatocyte', 'NK', 'Neutrophil')"
"('CD8', 'Hepatocyte', 'NK', 'Stellate')",0.6786,"('CD8', 'Hepatocyte', 'NK', 'Stellate')"
"('CD8', 'Hepatocyte', 'Neutrophil', 'Stellate')",0.6578,"('CD8', 'Hepatocyte', 'Neutrophil', 'Stellate')"
"('CD8', 'Kupffer', 'LSEC', 'NK')",0.2381,"('CD8', 'Kupffer', 'LSEC', 'NK')"
"('CD8', 'Kupffer', 'LSEC', 'Neutrophil')",0.6514,"('CD8', 'Kupffer', 'LSEC', 'Neutrophil')"
"('CD8', 'Kupffer', 'LSEC', 'Stellate')",0.3765,"('CD8', 'Kupffer', 'LSEC', 'Stellate')"
"('CD8', 'Kupffer', 'NK', 'Neutrophil')",0.7589,"('CD8', 'Kupffer', 'NK', 'Neutrophil')"
"('CD8', 'Kupffer', 'NK', 'Stellate')",0.563,"('CD8', 'Kupffer', 'NK', 'Stellate')"
"('CD8', 'Kupffer', 'Neutrophil', 'Stellate')",0.688,"('CD8', 'Kupffer', 'Neutrophil', 'Stellate')"
"('CD8', 'LSEC', 'NK', 'Neutrophil')",0.7244,"('CD8', 'LSEC', 'NK', 'Neutrophil')"
"('CD8', 'LSEC', 'NK', 'Stellate')",0.593,"('CD8', 'LSEC', 'NK', 'Stellate')"
"('CD8', 'LSEC', 'Neutrophil', 'Stellate')",0.6651,"('CD8', 'LSEC', 'Neutrophil', 'Stellate')"
"('CD8', 'NK', 'Neutrophil', 'Stellate')",0.6128,"('CD8', 'NK', 'Neutrophil', 'Stellate')"
"('Cholangiocyte', 'Hepatocyte', 'Kupffer', 'LSEC')",0.1339,"('Cholangiocyte', 'Hepatocyte', 'Kupffer', 'LSEC')"
"('Cholangiocyte', 'Hepatocyte', 'Kupffer', 'NK')",0.4603,"('Cholangiocyte', 'Hepatocyte', 'Kupffer', 'NK')"
"('Cholangiocyte', 'Hepatocyte', 'Kupffer', 'Neutrophil')",0.5414,"('Cholangiocyte', 'Hepatocyte', 'Kupffer', 'Neutrophil')"
"('Cholangiocyte', 'Hepatocyte', 'Kupffer', 'Stellate')",0.2377,"('Cholangiocyte', 'Hepatocyte', 'Kupffer', 'Stellate')"
"('Cholangiocyte', 'Hepatocyte', 'LSEC', 'NK')",0.5736,"('Cholangiocyte', 'Hepatocyte', 'LSEC', 'NK')"
"('Cholangiocyte', 'Hepatocyte', 'LSEC', 'Neutrophil')",0.6183,"('Cholangiocyte', 'Hepatocyte', 'LSEC', 'Neutrophil')"
"('Cholangiocyte', 'Hepatocyte', 'LSEC', 'Stellate')",0.4355,"('Cholangiocyte', 'Hepatocyte', 'LSEC', 'Stellate')"
"('Cholangiocyte', 'Hepatocyte', 'NK', 'Neutrophil')",0.7305,"('Cholangiocyte', 'Hepatocyte', 'NK', 'Neutrophil')"
"('Cholangiocyte', 'Hepatocyte', 'NK', 'Stellate')",0.7276,"('Cholangiocyte', 'Hepatocyte', 'NK', 'Stellate')"
"('Cholangiocyte', 'Hepatocyte', 'Neutrophil', 'Stellate')",0.7089,"('Cholangiocyte', 'Hepatocyte', 'Neutrophil', 'Stellate')"
"('Cholangiocyte', 'Kupffer', 'LSEC', 'NK')",0.2187,"('Cholangiocyte', 'Kupffer', 'LSEC', 'NK')"
"('Cholangiocyte', 'Kupffer', 'LSEC', 'Neutrophil')",0.369,"('Cholangiocyte', 'Kupffer', 'LSEC', 'Neutrophil')"
"('Cholangiocyte', 'Kupffer', 'LSEC', 'Stellate')",0.1601,"('Cholangiocyte', 'Kupffer', 'LSEC', 'Stellate')"
"('Cholangiocyte', 'Kupffer', 'NK', 'Neutrophil')",0.6469,"('Cholangiocyte', 'Kupffer', 'NK', 'Neutrophil')"
"('Cholangiocyte', 'Kupffer', 'NK', 'Stellate')",0.4196,"('Cholangiocyte', 'Kupffer', 'NK', 'Stellate')"
"('Cholangiocyte', 'Kupffer', 'Neutrophil', 'Stellate')",0.5134,"('Cholangiocyte', 'Kupffer', 'Neutrophil', 'Stellate')"
"('Cholangiocyte', 'LSEC', 'NK', 'Neutrophil')",0.7563,"('Cholangiocyte', 'LSEC', 'NK', 'Neutrophil')"
"('Cholangiocyte', 'LSEC', 'NK', 'Stellate')",0.6121,"('Cholangiocyte', 'LSEC', 'NK', 'Stellate')"
"('Cholangiocyte', 'LSEC', 'Neutrophil', 'Stellate')",0.6356,"('Cholangiocyte', 'LSEC', 'Neutrophil', 'Stellate')"
"('Cholangiocyte', 'NK', 'Neutrophil', 'Stellate')",0.6891,"('Cholangiocyte', 'NK', 'Neutrophil', 'Stellate')"
"('Hepatocyte', 'Kupffer', 'LSEC', 'NK')",0.3671,"('Hepatocyte', 'Kupffer', 'LSEC', 'NK')"
"('Hepatocyte', 'Kupffer', 'LSEC', 'Neutrophil')",0.4403,"('Hepatocyte', 'Kupffer', 'LSEC', 'Neutrophil')"
"('Hepatocyte', 'Kupffer', 'LSEC', 'Stellate')",0.2417,"('Hepatocyte', 'Kupffer', 'LSEC', 'Stellate')"
"('Hepatocyte', 'Kupffer', 'NK', 'Neutrophil')",0.6229,"('Hepatocyte', 'Kupffer', 'NK', 'Neutrophil')"
"('Hepatocyte', 'Kupffer', 'NK', 'Stellate')",0.4122,"('Hepatocyte', 'Kupffer', 'NK', 'Stellate')"
"('Hepatocyte', 'Kupffer', 'Neutrophil', 'Stellate')",0.4756,"('Hepatocyte', 'Kupffer', 'Neutrophil', 'Stellate')"
"('Hepatocyte', 'LSEC', 'NK', 'Neutrophil')",0.6786,"('Hepatocyte', 'LSEC', 'NK', 'Neutrophil')"
"('Hepatocyte', 'LSEC', 'NK', 'Stellate')",0.5518,"('Hepatocyte', 'LSEC', 'NK', 'Stellate')"
"('Hepatocyte', 'LSEC', 'Neutrophil', 'Stellate')",0.5817,"('Hepatocyte', 'LSEC', 'Neutrophil', 'Stellate')"
"('Hepatocyte', 'NK', 'Neutrophil', 'Stellate')",0.6543,"('Hepatocyte', 'NK', 'Neutrophil', 'Stellate')"
"('Kupffer', 'LSEC', 'NK', 'Neutrophil')",0.6285,"('Kupffer', 'LSEC', 'NK', 'Neutrophil')"
"('Kupffer', 'LSEC', 'NK', 'Stellate')",0.3719,"('Kupffer', 'LSEC', 'NK', 'Stellate')"
"('Kupffer', 'LSEC', 'Neutrophil', 'Stellate')",0.4134,"('Kupffer', 'LSEC', 'Neutrophil', 'Stellate')"
"('Kupffer', 'NK', 'Neutrophil', 'Stellate')",0.6707,"('Kupffer', 'NK', 'Neutrophil', 'Stellate')"
"('LSEC', 'NK', 'Neutrophil', 'Stellate')",0.661,"('LSEC', 'NK', 'Neutrophil', 'Stellate')"
"('B', 'CD8', 'Cholangiocyte', 'Hepatocyte', 'Kupffer')",0.4284,"('B', 'CD8', 'Cholangiocyte', 'Hepatocyte', 'Kupffer')"
"('B', 'CD8', 'Cholangiocyte', 'Hepatocyte', 'LSEC')",0.5399,"('B', 'CD8', 'Cholangiocyte', 'Hepatocyte', 'LSEC')"
"('B', 'CD8', 'Cholangiocyte', 'Hepatocyte', 'NK')",0.7618,"('B', 'CD8', 'Cholangiocyte', 'Hepatocyte', 'NK')"
"('B', 'CD8', 'Cholangiocyte', 'Hepatocyte', 'Neutrophil')",0.7465,"('B', 'CD8', 'Cholangiocyte', 'Hepatocyte', 'Neutrophil')"
"('B', 'CD8', 'Cholangiocyte', 'Hepatocyte', 'Stellate')",0.7251,"('B', 'CD8', 'Cholangiocyte', 'Hepatocyte', 'Stellate')"
"('B', 'CD8', 'Cholangiocyte', 'Kupffer', 'LSEC')",0.1786,"('B', 'CD8', 'Cholangiocyte', 'Kupffer', 'LSEC')"
"('B', 'CD8', 'Cholangiocyte', 'Kupffer', 'NK')",0.3258,"('B', 'CD8', 'Cholangiocyte', 'Kupffer', 'NK')"
"('B', 'CD8', 'Cholangiocyte', 'Kupffer', 'Neutrophil')",0.6933,"('B', 'CD8', 'Cholangiocyte', 'Kupffer', 'Neutrophil')"
"('B', 'CD8', 'Cholangiocyte', 'Kupffer', 'Stellate')",0.3818,"('B', 'CD8', 'Cholangiocyte', 'Kupffer', 'Stellate')"
"('B', 'CD8', 'Cholangiocyte', 'LSEC', 'NK')",0.6068,"('B', 'CD8', 'Cholangiocyte', 'LSEC', 'NK')"
"('B', 'CD8', 'Cholangiocyte', 'LSEC', 'Neutrophil')",0.7921,"('B', 'CD8', 'Cholangiocyte', 'LSEC', 'Neutrophil')"
"('B', 'CD8', 'Cholangiocyte', 'LSEC', 'Stellate')",0.6565,"('B', 'CD8', 'Cholangiocyte', 'LSEC', 'Stellate')"
"('B', 'CD8', 'Cholangiocyte', 'NK', 'Neutrophil')",0.7194,"('B', 'CD8', 'Cholangiocyte', 'NK', 'Neutrophil')"
"('B', 'CD8', 'Cholangiocyte', 'NK', 'Stellate')",0.6863,"('B', 'CD8', 'Cholangiocyte', 'NK', 'Stellate')"
"('B', 'CD8', 'Cholangiocyte', 'Neutrophil', 'Stellate')",0.7095,"('B', 'CD8', 'Cholangiocyte', 'Neutrophil', 'Stellate')"
"('B', 'CD8', 'Hepatocyte', 'Kupffer', 'LSEC')",0.3855,"('B', 'CD8', 'Hepatocyte', 'Kupffer', 'LSEC')"
"('B', 'CD8', 'Hepatocyte', 'Kupffer', 'NK')",0.4324,"('B', 'CD8', 'Hepatocyte', 'Kupffer', 'NK')"
"('B', 'CD8', 'Hepatocyte', 'Kupffer', 'Neutrophil')",0.6669,"('B', 'CD8', 'Hepatocyte', 'Kupffer', 'Neutrophil')"
"('B', 'CD8', 'Hepatocyte', 'Kupffer', 'Stellate')",0.5009,"('B', 'CD8', 'Hepatocyte', 'Kupffer', 'Stellate')"
"('B', 'CD8', 'Hepatocyte', 'LSEC', 'NK')",0.5478,"('B', 'CD8', 'Hepatocyte', 'LSEC', 'NK')"
"('B', 'CD8', 'Hepatocyte', 'LSEC', 'Neutrophil')",0.6956,"('B', 'CD8', 'Hepatocyte', 'LSEC', 'Neutrophil')"
"('B', 'CD8', 'Hepatocyte', 'LSEC', 'Stellate')",0.5099,"('B', 'CD8', 'Hepatocyte', 'LSEC', 'Stellate')"
"('B', 'CD8', 'Hepatocyte', 'NK', 'Neutrophil')",0.6659,"('B', 'CD8', 'Hepatocyte', 'NK', 'Neutrophil')"
"('B', 'CD8', 'Hepatocyte', 'NK', 'Stellate')",0.7233,"('B', 'CD8', 'Hepatocyte', 'NK', 'Stellate')"
"('B', 'CD8', 'Hepatocyte', 'Neutrophil', 'Stellate')",0.6173,"('B', 'CD8', 'Hepatocyte', 'Neutrophil', 'Stellate')"
"('B', 'CD8', 'Kupffer', 'LSEC', 'NK')",0.2087,"('B', 'CD8', 'Kupffer', 'LSEC', 'NK')"
"('B', 'CD8', 'Kupffer', 'LSEC', 'Neutrophil')",0.6747,"('B', 'CD8', 'Kupffer', 'LSEC', 'Neutrophil')"
"('B', 'CD8', 'Kupffer', 'LSEC', 'Stellate')",0.3404,"('B', 'CD8', 'Kupffer', 'LSEC', 'Stellate')"
"('B', 'CD8', 'Kupffer', 'NK', 'Neutrophil')",0.7713,"('B', 'CD8', 'Kupffer', 'NK', 'Neutrophil')"
"('B', 'CD8', 'Kupffer', 'NK', 'Stellate')",0.5518,"('B', 'CD8', 'Kupffer', 'NK', 'Stellate')"
"('B', 'CD8', 'Kupffer', 'Neutrophil', 'Stellate')",0.6991,"('B', 'CD8', 'Kupffer', 'Neutrophil', 'Stellate')"
"('B', 'CD8', 'LSEC', 'NK', 'Neutrophil')",0.7549,"('B', 'CD8', 'LSEC', 'NK', 'Neutrophil')"
"('B', 'CD8', 'LSEC', 'NK', 'Stellate')",0.5974,"('B', 'CD8', 'LSEC', 'NK', 'Stellate')"
"('B', 'CD8', 'LSEC', 'Neutrophil', 'Stellate')",0.696,"('B', 'CD8', 'LSEC', 'Neutrophil', 'Stellate')"
"('B', 'CD8', 'NK', 'Neutrophil', 'Stellate')",0.653,"('B', 'CD8', 'NK', 'Neutrophil', 'Stellate')"
"('B', 'Cholangiocyte', 'Hepatocyte', 'Kupffer', 'LSEC')",0.1653,"('B', 'Cholangiocyte', 'Hepatocyte', 'Kupffer', 'LSEC')"
"('B', 'Cholangiocyte', 'Hepatocyte', 'Kupffer', 'NK')",0.4224,"('B', 'Cholangiocyte', 'Hepatocyte', 'Kupffer', 'NK')"
"('B', 'Cholangiocyte', 'Hepatocyte', 'Kupffer', 'Neutrophil')",0.6507,"('B', 'Cholangiocyte', 'Hepatocyte', 'Kupffer', 'Neutrophil')"
"('B', 'Cholangiocyte', 'Hepatocyte', 'Kupffer', 'Stellate')",0.2769,"('B', 'Cholangiocyte', 'Hepatocyte', 'Kupffer', 'Stellate')"
"('B', 'Cholangiocyte', 'Hepatocyte', 'LSEC', 'NK')",0.5496,"('B', 'Cholangiocyte', 'Hepatocyte', 'LSEC', 'NK')"
"('B', 'Cholangiocyte', 'Hepatocyte', 'LSEC', 'Neutrophil')",0.6625,"('B', 'Cholangiocyte', 'Hepatocyte', 'LSEC', 'Neutrophil')"
"('B', 'Cholangiocyte', 'Hepatocyte', 'LSEC', 'Stellate')",0.4545,"('B', 'Cholangiocyte', 'Hepatocyte', 'LSEC', 'Stellate')"
"('B', 'Cholangiocyte', 'Hepatocyte', 'NK', 'Neutrophil')",0.7529,"('B', 'Cholangiocyte', 'Hepatocyte', 'NK', 'Neutrophil')"
"('B', 'Cholangiocyte', 'Hepatocyte', 'NK', 'Stellate')",0.7212,"('B', 'Cholangiocyte', 'Hepatocyte', 'NK', 'Stellate')"
"('B', 'Cholangiocyte', 'Hepatocyte', 'Neutrophil', 'Stellate')",0.7448,"('B', 'Cholangiocyte', 'Hepatocyte', 'Neutrophil', 'Stellate')"
"('B', 'Cholangiocyte', 'Kupffer', 'LSEC', 'NK')",0.1934,"('B', 'Cholangiocyte', 'Kupffer', 'LSEC', 'NK')"
"('B', 'Cholangiocyte', 'Kupffer', 'LSEC', 'Neutrophil')",0.4775,"('B', 'Cholangiocyte', 'Kupffer', 'LSEC', 'Neutrophil')"
"('B', 'Cholangiocyte', 'Kupffer', 'LSEC', 'Stellate')",0.1077,"('B', 'Cholangiocyte', 'Kupffer', 'LSEC', 'Stellate')"
"('B', 'Cholangiocyte', 'Kupffer', 'NK', 'Neutrophil')",0.6848,"('B', 'Cholangiocyte', 'Kupffer', 'NK', 'Neutrophil')"
"('B', 'Cholangiocyte', 'Kupffer', 'NK', 'Stellate')",0.4136,"('B', 'Cholangiocyte', 'Kupffer', 'NK', 'Stellate')"
"('B', 'Cholangiocyte', 'Kupffer', 'Neutrophil', 'Stellate')",0.5334,"('B', 'Cholangiocyte', 'Kupffer', 'Neutrophil', 'Stellate')"
"('B', 'Cholangiocyte', 'LSEC', 'NK', 'Neutrophil')",0.7795,"('B', 'Cholangiocyte', 'LSEC', 'NK', 'Neutrophil')"
"('B', 'Cholangiocyte', 'LSEC', 'NK', 'Stellate')",0.6215,"('B', 'Cholangiocyte', 'LSEC', 'NK', 'Stellate')"
"('B', 'Cholangiocyte', 'LSEC', 'Neutrophil', 'Stellate')",0.677,"('B', 'Cholangiocyte', 'LSEC', 'Neutrophil', 'Stellate')"
"('B', 'Cholangiocyte', 'NK', 'Neutrophil', 'Stellate')",0.7061,"('B', 'Cholangiocyte', 'NK', 'Neutrophil', 'Stellate')"
"('B', 'Hepatocyte', 'Kupffer', 'LSEC', 'NK')",0.3934,"('B', 'Hepatocyte', 'Kupffer', 'LSEC', 'NK')"
"('B', 'Hepatocyte', 'Kupffer', 'LSEC', 'Neutrophil')",0.5168,"('B', 'Hepatocyte', 'Kupffer', 'LSEC', 'Neutrophil')"
"('B', 'Hepatocyte', 'Kupffer', 'LSEC', 'Stellate')",0.253,"('B', 'Hepatocyte', 'Kupffer', 'LSEC', 'Stellate')"
"('B', 'Hepatocyte', 'Kupffer', 'NK', 'Neutrophil')",0.6582,"('B', 'Hepatocyte', 'Kupffer', 'NK', 'Neutrophil')"
"('B', 'Hepatocyte', 'Kupffer', 'NK', 'Stellate')",0.4549,"('B', 'Hepatocyte', 'Kupffer', 'NK', 'Stellate')"
"('B', 'Hepatocyte', 'Kupffer', 'Neutrophil', 'Stellate')",0.5099,"('B', 'Hepatocyte', 'Kupffer', 'Neutrophil', 'Stellate')"
"('B', 'Hepatocyte', 'LSEC', 'NK', 'Neutrophil')",0.6962,"('B', 'Hepatocyte', 'LSEC', 'NK', 'Neutrophil')"
"('B', 'Hepatocyte', 'LSEC', 'NK', 'Stellate')",0.5316,"('B', 'Hepatocyte', 'LSEC', 'NK', 'Stellate')"
"('B', 'Hepatocyte', 'LSEC', 'Neutrophil', 'Stellate')",0.5689,"('B', 'Hepatocyte', 'LSEC', 'Neutrophil', 'Stellate')"
"('B', 'Hepatocyte', 'NK', 'Neutrophil', 'Stellate')",0.6277,"('B', 'Hepatocyte', 'NK', 'Neutrophil', 'Stellate')"
"('B', 'Kupffer', 'LSEC', 'NK', 'Neutrophil')",0.6605,"('B', 'Kupffer', 'LSEC', 'NK', 'Neutrophil')"
"('B', 'Kupffer', 'LSEC', 'NK', 'Stellate')",0.3384,"('B', 'Kupffer', 'LSEC', 'NK', 'Stellate')"
"('B', 'Kupffer', 'LSEC', 'Neutrophil', 'Stellate')",0.5087,"('B', 'Kupffer', 'LSEC', 'Neutrophil', 'Stellate')"
"('B', 'Kupffer', 'NK', 'Neutrophil', 'Stellate')",0.697,"('B', 'Kupffer', 'NK', 'Neutrophil', 'Stellate')"
"('B', 'LSEC', 'NK', 'Neutrophil', 'Stellate')",0.6958,"('B', 'LSEC', 'NK', 'Neutrophil', 'Stellate')"
"('CD8', 'Cholangiocyte', 'Hepatocyte', 'Kupffer', 'LSEC')",0.3253,"('CD8', 'Cholangiocyte', 'Hepatocyte', 'Kupffer', 'LSEC')"
"('CD8', 'Cholangiocyte', 'Hepatocyte', 'Kupffer', 'NK')",0.5254,"('CD8', 'Cholangiocyte', 'Hepatocyte', 'Kupffer', 'NK')"
"('CD8', 'Cholangiocyte', 'Hepatocyte', 'Kupffer', 'Neutrophil')",0.7459,"('CD8', 'Cholangiocyte', 'Hepatocyte', 'Kupffer', 'Neutrophil')"
"('CD8', 'Cholangiocyte', 'Hepatocyte', 'Kupffer', 'Stellate')",0.5409,"('CD8', 'Cholangiocyte', 'Hepatocyte', 'Kupffer', 'Stellate')"
"('CD8', 'Cholangiocyte', 'Hepatocyte', 'LSEC', 'NK')",0.576,"('CD8', 'Cholangiocyte', 'Hepatocyte', 'LSEC', 'NK')"
"('CD8', 'Cholangiocyte', 'Hepatocyte', 'LSEC', 'Neutrophil')",0.6835,"('CD8', 'Cholangiocyte', 'Hepatocyte', 'LSEC', 'Neutrophil')"
"('CD8', 'Cholangiocyte', 'Hepatocyte', 'LSEC', 'Stellate')",0.577,"('CD8', 'Cholangiocyte', 'Hepatocyte', 'LSEC', 'Stellate')"
"('CD8', 'Cholangiocyte', 'Hepatocyte', 'NK', 'Neutrophil')",0.7165,"('CD8', 'Cholangiocyte', 'Hepatocyte', 'NK', 'Neutrophil')"
"('CD8', 'Cholangiocyte', 'Hepatocyte', 'NK', 'Stellate')",0.746,"('CD8', 'Cholangiocyte', 'Hepatocyte', 'NK', 'Stellate')"
"('CD8', 'Cholangiocyte', 'Hepatocyte', 'Neutrophil', 'Stellate')",0.689,"('CD8', 'Cholangiocyte', 'Hepatocyte', 'Neutrophil', 'Stellate')"
"('CD8', 'Cholangiocyte', 'Kupffer', 'LSEC', 'NK')",0.2429,"('CD8', 'Cholangiocyte', 'Kupffer', 'LSEC', 'NK')"
"('CD8', 'Cholangiocyte', 'Kupffer', 'LSEC', 'Neutrophil')",0.6106,"('CD8', 'Cholangiocyte', 'Kupffer', 'LSEC', 'Neutrophil')"
"('CD8', 'Cholangiocyte', 'Kupffer', 'LSEC', 'Stellate')",0.4102,"('CD8', 'Cholangiocyte', 'Kupffer', 'LSEC', 'Stellate')"
"('CD8', 'Cholangiocyte', 'Kupffer', 'NK', 'Neutrophil')",0.6887,"('CD8', 'Cholangiocyte', 'Kupffer', 'NK', 'Neutrophil')"
"('CD8', 'Cholangiocyte', 'Kupffer', 'NK', 'Stellate')",0.5046,"('CD8', 'Cholangiocyte', 'Kupffer', 'NK', 'Stellate')"
"('CD8', 'Cholangiocyte', 'Kupffer', 'Neutrophil', 'Stellate')",0.6441,"('CD8', 'Cholangiocyte', 'Kupffer', 'Neutrophil', 'Stellate')"
"('CD8', 'Cholangiocyte', 'LSEC', 'NK', 'Neutrophil')",0.7747,"('CD8', 'Cholangiocyte', 'LSEC', 'NK', 'Neutrophil')"
"('CD8', 'Cholangiocyte', 'LSEC', 'NK', 'Stellate')",0.6572,"('CD8', 'Cholangiocyte', 'LSEC', 'NK', 'Stellate')"
"('CD8', 'Cholangiocyte', 'LSEC', 'Neutrophil', 'Stellate')",0.7131,"('CD8', 'Cholangiocyte', 'LSEC', 'Neutrophil', 'Stellate')"
"('CD8', 'Cholangiocyte', 'NK', 'Neutrophil', 'Stellate')",0.6984,"('CD8', 'Cholangiocyte', 'NK', 'Neutrophil', 'Stellate')"
"('CD8', 'Hepatocyte', 'Kupffer', 'LSEC', 'NK')",0.4208,"('CD8', 'Hepatocyte', 'Kupffer', 'LSEC', 'NK')"
"('CD8', 'Hepatocyte', 'Kupffer', 'LSEC', 'Neutrophil')",0.6123,"('CD8', 'Hepatocyte', 'Kupffer', 'LSEC', 'Neutrophil')"
"('CD8', 'Hepatocyte', 'Kupffer', 'LSEC', 'Stellate')",0.4647,"('CD8', 'Hepatocyte', 'Kupffer', 'LSEC', 'Stellate')"
"('CD8', 'Hepatocyte', 'Kupffer', 'NK', 'Neutrophil')",0.6503,"('CD8', 'Hepatocyte', 'Kupffer', 'NK', 'Neutrophil')"
"('CD8', 'Hepatocyte', 'Kupffer', 'NK', 'Stellate')",0.4588,"('CD8', 'Hepatocyte', 'Kupffer', 'NK', 'Stellate')"
"('CD8', 'Hepatocyte', 'Kupffer', 'Neutrophil', 'Stellate')",0.6098,"('CD8', 'Hepatocyte', 'Kupffer', 'Neutrophil', 'Stellate')"
"('CD8', 'Hepatocyte', 'LSEC', 'NK', 'Neutrophil')",0.7019,"('CD8', 'Hepatocyte', 'LSEC', 'NK', 'Neutrophil')"
"('CD8', 'Hepatocyte', 'LSEC', 'NK', 'Stellate')",0.595,"('CD8', 'Hepatocyte', 'LSEC', 'NK', 'Stellate')"
"('CD8', 'Hepatocyte', 'LSEC', 'Neutrophil', 'Stellate')",0.6593,"('CD8', 'Hepatocyte', 'LSEC', 'Neutrophil', 'Stellate')"
"('CD8', 'Hepatocyte', 'NK', 'Neutrophil', 'Stellate')",0.6681,"('CD8', 'Hepatocyte', 'NK', 'Neutrophil', 'Stellate')"
"('CD8', 'Kupffer', 'LSEC', 'NK', 'Neutrophil')",0.693,"('CD8', 'Kupffer', 'LSEC', 'NK', 'Neutrophil')"
"('CD8', 'Kupffer', 'LSEC', 'NK', 'Stellate')",0.4393,"('CD8', 'Kupffer', 'LSEC', 'NK', 'Stellate')"
"('CD8', 'Kupffer', 'LSEC', 'Neutrophil', 'Stellate')",0.6413,"('CD8', 'Kupffer', 'LSEC', 'Neutrophil', 'Stellate')"
"('CD8', 'Kupffer', 'NK', 'Neutrophil', 'Stellate')",0.6993,"('CD8', 'Kupffer', 'NK', 'Neutrophil', 'Stellate')"
"('CD8', 'LSEC', 'NK', 'Neutrophil', 'Stellate')",0.6756,"('CD8', 'LSEC', 'NK', 'Neutrophil', 'Stellate')"
"('Cholangiocyte', 'Hepatocyte', 'Kupffer', 'LSEC', 'NK')",0.3269,"('Cholangiocyte', 'Hepatocyte', 'Kupffer', 'LSEC', 'NK')"
"('Cholangiocyte', 'Hepatocyte', 'Kupffer', 'LSEC', 'Neutrophil')",0.386,"('Cholangiocyte', 'Hepatocyte', 'Kupffer', 'LSEC', 'Neutrophil')"
"('Cholangiocyte', 'Hepatocyte', 'Kupffer', 'LSEC', 'Stellate')",0.2394,"('Cholangiocyte', 'Hepatocyte', 'Kupffer', 'LSEC', 'Stellate')"
"('Cholangiocyte', 'Hepatocyte', 'Kupffer', 'NK', 'Neutrophil')",0.7326,"('Cholangiocyte', 'Hepatocyte', 'Kupffer', 'NK', 'Neutrophil')"
"('Cholangiocyte', 'Hepatocyte', 'Kupffer', 'NK', 'Stellate')",0.5367,"('Cholangiocyte', 'Hepatocyte', 'Kupffer', 'NK', 'Stellate')"
"('Cholangiocyte', 'Hepatocyte', 'Kupffer', 'Neutrophil', 'Stellate')",0.6267,"('Cholangiocyte', 'Hepatocyte', 'Kupffer', 'Neutrophil', 'Stellate')"
"('Cholangiocyte', 'Hepatocyte', 'LSEC', 'NK', 'Neutrophil')",0.6735,"('Cholangiocyte', 'Hepatocyte', 'LSEC', 'NK', 'Neutrophil')"
"('Cholangiocyte', 'Hepatocyte', 'LSEC', 'NK', 'Stellate')",0.5717,"('Cholangiocyte', 'Hepatocyte', 'LSEC', 'NK', 'Stellate')"
"('Cholangiocyte', 'Hepatocyte', 'LSEC', 'Neutrophil', 'Stellate')",0.6281,"('Cholangiocyte', 'Hepatocyte', 'LSEC', 'Neutrophil', 'Stellate')"
"('Cholangiocyte', 'Hepatocyte', 'NK', 'Neutrophil', 'Stellate')",0.6992,"('Cholangiocyte', 'Hepatocyte', 'NK', 'Neutrophil', 'Stellate')"
"('Cholangiocyte', 'Kupffer', 'LSEC', 'NK', 'Neutrophil')",0.5867,"('Cholangiocyte', 'Kupffer', 'LSEC', 'NK', 'Neutrophil')"
"('Cholangiocyte', 'Kupffer', 'LSEC', 'NK', 'Stellate')",0.3863,"('Cholangiocyte', 'Kupffer', 'LSEC', 'NK', 'Stellate')"
"('Cholangiocyte', 'Kupffer', 'LSEC', 'Neutrophil', 'Stellate')",0.437,"('Cholangiocyte', 'Kupffer', 'LSEC', 'Neutrophil', 'Stellate')"
"('Cholangiocyte', 'Kupffer', 'NK', 'Neutrophil', 'Stellate')",0.6175,"('Cholangiocyte', 'Kupffer', 'NK', 'Neutrophil', 'Stellate')"
"('Cholangiocyte', 'LSEC', 'NK', 'Neutrophil', 'Stellate')",0.685,"('Cholangiocyte', 'LSEC', 'NK', 'Neutrophil', 'Stellate')"
"('Hepatocyte', 'Kupffer', 'LSEC', 'NK', 'Neutrophil')",0.6034,"('Hepatocyte', 'Kupffer', 'LSEC', 'NK', 'Neutrophil')"
"('Hepatocyte', 'Kupffer', 'LSEC', 'NK', 'Stellate')",0.4603,"('Hepatocyte', 'Kupffer', 'LSEC', 'NK', 'Stellate')"
"('Hepatocyte', 'Kupffer', 'LSEC', 'Neutrophil', 'Stellate')",0.5007,"('Hepatocyte', 'Kupffer', 'LSEC', 'Neutrophil', 'Stellate')"
"('Hepatocyte', 'Kupffer', 'NK', 'Neutrophil', 'Stellate')",0.5946,"('Hepatocyte', 'Kupffer', 'NK', 'Neutrophil', 'Stellate')"
"('Hepatocyte', 'LSEC', 'NK', 'Neutrophil', 'Stellate')",0.6418,"('Hepatocyte', 'LSEC', 'NK', 'Neutrophil', 'Stellate')"
"('Kupffer', 'LSEC', 'NK', 'Neutrophil', 'Stellate')",0.6299,"('Kupffer', 'LSEC', 'NK', 'Neutrophil', 'Stellate')"
"('B', 'CD8', 'Cholangiocyte', 'Hepatocyte', 'Kupffer', 'LSEC')",0.3113,"('B', 'CD8', 'Cholangiocyte', 'Hepatocyte', 'Kupffer', 'LSEC')"
"('B', 'CD8', 'Cholangiocyte', 'Hepatocyte', 'Kupffer', 'NK')",0.4634,"('B', 'CD8', 'Cholangiocyte', 'Hepatocyte', 'Kupffer', 'NK')"
"('B', 'CD8', 'Cholangiocyte', 'Hepatocyte', 'Kupffer', 'Neutrophil')",0.7456,"('B', 'CD8', 'Cholangiocyte', 'Hepatocyte', 'Kupffer', 'Neutrophil')"
"('B', 'CD8', 'Cholangiocyte', 'Hepatocyte', 'Kupffer', 'Stellate')",0.4825,"('B', 'CD8', 'Cholangiocyte', 'Hepatocyte', 'Kupffer', 'Stellate')"
"('B', 'CD8', 'Cholangiocyte', 'Hepatocyte', 'LSEC', 'NK')",0.5785,"('B', 'CD8', 'Cholangiocyte', 'Hepatocyte', 'LSEC', 'NK')"
"('B', 'CD8', 'Cholangiocyte', 'Hepatocyte', 'LSEC', 'Neutrophil')",0.6978,"('B', 'CD8', 'Cholangiocyte', 'Hepatocyte', 'LSEC', 'Neutrophil')"
"('B', 'CD8', 'Cholangiocyte', 'Hepatocyte', 'LSEC', 'Stellate')",0.5918,"('B', 'CD8', 'Cholangiocyte', 'Hepatocyte', 'LSEC', 'Stellate')"
"('B', 'CD8', 'Cholangiocyte', 'Hepatocyte', 'NK', 'Neutrophil')",0.7486,"('B', 'CD8', 'Cholangiocyte', 'Hepatocyte', 'NK', 'Neutrophil')"
"('B', 'CD8', 'Cholangiocyte', 'Hepatocyte', 'NK', 'Stellate')",0.738,"('B', 'CD8', 'Cholangiocyte', 'Hepatocyte', 'NK', 'Stellate')"
"('B', 'CD8', 'Cholangiocyte', 'Hepatocyte', 'Neutrophil', 'Stellate')",0.731,"('B', 'CD8', 'Cholangiocyte', 'Hepatocyte', 'Neutrophil', 'Stellate')"
"('B', 'CD8', 'Cholangiocyte', 'Kupffer', 'LSEC', 'NK')",0.1718,"('B', 'CD8', 'Cholangiocyte', 'Kupffer', 'LSEC', 'NK')"
"('B', 'CD8', 'Cholangiocyte', 'Kupffer', 'LSEC', 'Neutrophil')",0.6307,"('B', 'CD8', 'Cholangiocyte', 'Kupffer', 'LSEC', 'Neutrophil')"
"('B', 'CD8', 'Cholangiocyte', 'Kupffer', 'LSEC', 'Stellate')",0.3509,"('B', 'CD8', 'Cholangiocyte', 'Kupffer', 'LSEC', 'Stellate')"
"('B', 'CD8', 'Cholangiocyte', 'Kupffer', 'NK', 'Neutrophil')",0.712,"('B', 'CD8', 'Cholangiocyte', 'Kupffer', 'NK', 'Neutrophil')"
"('B', 'CD8', 'Cholangiocyte', 'Kupffer', 'NK', 'Stellate')",0.492,"('B', 'CD8', 'Cholangiocyte', 'Kupffer', 'NK', 'Stellate')"
"('B', 'CD8', 'Cholangiocyte', 'Kupffer', 'Neutrophil', 'Stellate')",0.6453,"('B', 'CD8', 'Cholangiocyte', 'Kupffer', 'Neutrophil', 'Stellate')"
"('B', 'CD8', 'Cholangiocyte', 'LSEC', 'NK', 'Neutrophil')",0.7978,"('B', 'CD8', 'Cholangiocyte', 'LSEC', 'NK', 'Neutrophil')"
"('B', 'CD8', 'Cholangiocyte', 'LSEC', 'NK', 'Stellate')",0.66,"('B', 'CD8', 'Cholangiocyte', 'LSEC', 'NK', 'Stellate')"
"('B', 'CD8', 'Cholangiocyte', 'LSEC', 'Neutrophil', 'Stellate')",0.7398,"('B', 'CD8', 'Cholangiocyte', 'LSEC', 'Neutrophil', 'Stellate')"
"('B', 'CD8', 'Cholangiocyte', 'NK', 'Neutrophil', 'Stellate')",0.7122,"('B', 'CD8', 'Cholangiocyte', 'NK', 'Neutrophil', 'Stellate')"
"('B', 'CD8', 'Hepatocyte', 'Kupffer', 'LSEC', 'NK')",0.4559,"('B', 'CD8', 'Hepatocyte', 'Kupffer', 'LSEC', 'NK')"
"('B', 'CD8', 'Hepatocyte', 'Kupffer', 'LSEC', 'Neutrophil')",0.6147,"('B', 'CD8', 'Hepatocyte', 'Kupffer', 'LSEC', 'Neutrophil')"
"('B', 'CD8', 'Hepatocyte', 'Kupffer', 'LSEC', 'Stellate')",0.4487,"('B', 'CD8', 'Hepatocyte', 'Kupffer', 'LSEC', 'Stellate')"
"('B', 'CD8', 'Hepatocyte', 'Kupffer', 'NK', 'Neutrophil')",0.6814,"('B', 'CD8', 'Hepatocyte', 'Kupffer', 'NK', 'Neutrophil')"
"('B', 'CD8', 'Hepatocyte', 'Kupffer', 'NK', 'Stellate')",0.534,"('B', 'CD8', 'Hepatocyte', 'Kupffer', 'NK', 'Stellate')"
"('B', 'CD8', 'Hepatocyte', 'Kupffer', 'Neutrophil', 'Stellate')",0.6135,"('B', 'CD8', 'Hepatocyte', 'Kupffer', 'Neutrophil', 'Stellate')"
"('B', 'CD8', 'Hepatocyte', 'LSEC', 'NK', 'Neutrophil')",0.7109,"('B', 'CD8', 'Hepatocyte', 'LSEC', 'NK', 'Neutrophil')"
"('B', 'CD8', 'Hepatocyte', 'LSEC', 'NK', 'Stellate')",0.5548,"('B', 'CD8', 'Hepatocyte', 'LSEC', 'NK', 'Stellate')"
"('B', 'CD8', 'Hepatocyte', 'LSEC', 'Neutrophil', 'Stellate')",0.6722,"('B', 'CD8', 'Hepatocyte', 'LSEC', 'Neutrophil', 'Stellate')"
"('B', 'CD8', 'Hepatocyte', 'NK', 'Neutrophil', 'Stellate')",0.6303,"('B', 'CD8', 'Hepatocyte', 'NK', 'Neutrophil', 'Stellate')"
"('B', 'CD8', 'Kupffer', 'LSEC', 'NK', 'Neutrophil')",0.7027,"('B', 'CD8', 'Kupffer', 'LSEC', 'NK', 'Neutrophil')"
"('B', 'CD8', 'Kupffer', 'LSEC', 'NK', 'Stellate')",0.3866,"('B', 'CD8', 'Kupffer', 'LSEC', 'NK', 'Stellate')"
"('B', 'CD8', 'Kupffer', 'LSEC', 'Neutrophil', 'Stellate')",0.6736,"('B', 'CD8', 'Kupffer', 'LSEC', 'Neutrophil', 'Stellate')"
"('B', 'CD8', 'Kupffer', 'NK', 'Neutrophil', 'Stellate')",0.7073,"('B', 'CD8', 'Kupffer', 'NK', 'Neutrophil', 'Stellate')"
"('B', 'CD8', 'LSEC', 'NK', 'Neutrophil', 'Stellate')",0.6996,"('B', 'CD8', 'LSEC', 'NK', 'Neutrophil', 'Stellate')"
"('B', 'Cholangiocyte', 'Hepatocyte', 'Kupffer', 'LSEC', 'NK')",0.3187,"('B', 'Cholangiocyte', 'Hepatocyte', 'Kupffer', 'LSEC', 'NK')"
"('B', 'Cholangiocyte', 'Hepatocyte', 'Kupffer', 'LSEC', 'Neutrophil')",0.4201,"('B', 'Cholangiocyte', 'Hepatocyte', 'Kupffer', 'LSEC', 'Neutrophil')"
"('B', 'Cholangiocyte', 'Hepatocyte', 'Kupffer', 'LSEC', 'Stellate')",0.2549,"('B', 'Cholangiocyte', 'Hepatocyte', 'Kupffer', 'LSEC', 'Stellate')"
"('B', 'Cholangiocyte', 'Hepatocyte', 'Kupffer', 'NK', 'Neutrophil')",0.7441,"('B', 'Cholangiocyte', 'Hepatocyte', 'Kupffer', 'NK', 'Neutrophil')"
"('B', 'Cholangiocyte', 'Hepatocyte', 'Kupffer', 'NK', 'Stellate')",0.4889,"('B', 'Cholangiocyte', 'Hepatocyte', 'Kupffer', 'NK', 'Stellate')"
"('B', 'Cholangiocyte', 'Hepatocyte', 'Kupffer', 'Neutrophil', 'Stellate')",0.6991,"('B', 'Cholangiocyte', 'Hepatocyte', 'Kupffer', 'Neutrophil', 'Stellate')"
"('B', 'Cholangiocyte', 'Hepatocyte', 'LSEC', 'NK', 'Neutrophil')",0.6871,"('B', 'Cholangiocyte', 'Hepatocyte', 'LSEC', 'NK', 'Neutrophil')"
"('B', 'Cholangiocyte', 'Hepatocyte', 'LSEC', 'NK', 'Stellate')",0.5824,"('B', 'Cholangiocyte', 'Hepatocyte', 'LSEC', 'NK', 'Stellate')"
"('B', 'Cholangiocyte', 'Hepatocyte', 'LSEC', 'Neutrophil', 'Stellate')",0.6764,"('B', 'Cholangiocyte', 'Hepatocyte', 'LSEC', 'Neutrophil', 'Stellate')"
"('B', 'Cholangiocyte', 'Hepatocyte', 'NK', 'Neutrophil', 'Stellate')",0.725,"('B', 'Cholangiocyte', 'Hepatocyte', 'NK', 'Neutrophil', 'Stellate')"
"('B', 'Cholangiocyte', 'Kupffer', 'LSEC', 'NK', 'Neutrophil')",0.647,"('B', 'Cholangiocyte', 'Kupffer', 'LSEC', 'NK', 'Neutrophil')"
"('B', 'Cholangiocyte', 'Kupffer', 'LSEC', 'NK', 'Stellate')",0.3541,"('B', 'Cholangiocyte', 'Kupffer', 'LSEC', 'NK', 'Stellate')"
"('B', 'Cholangiocyte', 'Kupffer', 'LSEC', 'Neutrophil', 'Stellate')",0.4595,"('B', 'Cholangiocyte', 'Kupffer', 'LSEC', 'Neutrophil', 'Stellate')"
"('B', 'Cholangiocyte', 'Kupffer', 'NK', 'Neutrophil', 'Stellate')",0.6561,"('B', 'Cholangiocyte', 'Kupffer', 'NK', 'Neutrophil', 'Stellate')"
"('B', 'Cholangiocyte', 'LSEC', 'NK', 'Neutrophil', 'Stellate')",0.7109,"('B', 'Cholangiocyte', 'LSEC', 'NK', 'Neutrophil', 'Stellate')"
"('B', 'Hepatocyte', 'Kupffer', 'LSEC', 'NK', 'Neutrophil')",0.6331,"('B', 'Hepatocyte', 'Kupffer', 'LSEC', 'NK', 'Neutrophil')"
"('B', 'Hepatocyte', 'Kupffer', 'LSEC', 'NK', 'Stellate')",0.4592,"('B', 'Hepatocyte', 'Kupffer', 'LSEC', 'NK', 'Stellate')"
"('B', 'Hepatocyte', 'Kupffer', 'LSEC', 'Neutrophil', 'Stellate')",0.4644,"('B', 'Hepatocyte', 'Kupffer', 'LSEC', 'Neutrophil', 'Stellate')"
"('B', 'Hepatocyte', 'Kupffer', 'NK', 'Neutrophil', 'Stellate')",0.6137,"('B', 'Hepatocyte', 'Kupffer', 'NK', 'Neutrophil', 'Stellate')"
"('B', 'Hepatocyte', 'LSEC', 'NK', 'Neutrophil', 'Stellate')",0.6706,"('B', 'Hepatocyte', 'LSEC', 'NK', 'Neutrophil', 'Stellate')"
"('B', 'Kupffer', 'LSEC', 'NK', 'Neutrophil', 'Stellate')",0.6638,"('B', 'Kupffer', 'LSEC', 'NK', 'Neutrophil', 'Stellate')"
"('CD8', 'Cholangiocyte', 'Hepatocyte', 'Kupffer', 'LSEC', 'NK')",0.3296,"('CD8', 'Cholangiocyte', 'Hepatocyte', 'Kupffer', 'LSEC', 'NK')"
"('CD8', 'Cholangiocyte', 'Hepatocyte', 'Kupffer', 'LSEC', 'Neutrophil')",0.51,"('CD8', 'Cholangiocyte', 'Hepatocyte', 'Kupffer', 'LSEC', 'Neutrophil')"
"('CD8', 'Cholangiocyte', 'Hepatocyte', 'Kupffer', 'LSEC', 'Stellate')",0.3842,"('CD8', 'Cholangiocyte', 'Hepatocyte', 'Kupffer', 'LSEC', 'Stellate')"
"('CD8', 'Cholangiocyte', 'Hepatocyte', 'Kupffer', 'NK', 'Neutrophil')",0.7467,"('CD8', 'Cholangiocyte', 'Hepatocyte', 'Kupffer', 'NK', 'Neutrophil')"
"('CD8', 'Cholangiocyte', 'Hepatocyte', 'Kupffer', 'NK', 'Stellate')",0.5925,"('CD8', 'Cholangiocyte', 'Hepatocyte', 'Kupffer', 'NK', 'Stellate')"
"('CD8', 'Cholangiocyte', 'Hepatocyte', 'Kupffer', 'Neutrophil', 'Stellate')",0.7149,"('CD8', 'Cholangiocyte', 'Hepatocyte', 'Kupffer', 'Neutrophil', 'Stellate')"
"('CD8', 'Cholangiocyte', 'Hepatocyte', 'LSEC', 'NK', 'Neutrophil')",0.6909,"('CD8', 'Cholangiocyte', 'Hepatocyte', 'LSEC', 'NK', 'Neutrophil')"
"('CD8', 'Cholangiocyte', 'Hepatocyte', 'LSEC', 'NK', 'Stellate')",0.5841,"('CD8', 'Cholangiocyte', 'Hepatocyte', 'LSEC', 'NK', 'Stellate')"
"('CD8', 'Cholangiocyte', 'Hepatocyte', 'LSEC', 'Neutrophil', 'Stellate')",0.6641,"('CD8', 'Cholangiocyte', 'Hepatocyte', 'LSEC', 'Neutrophil', 'Stellate')"
"('CD8', 'Cholangiocyte', 'Hepatocyte', 'NK', 'Neutrophil', 'Stellate')",0.6842,"('CD8', 'Cholangiocyte', 'Hepatocyte', 'NK', 'Neutrophil', 'Stellate')"
"('CD8', 'Cholangiocyte', 'Kupffer', 'LSEC', 'NK', 'Neutrophil')",0.6008,"('CD8', 'Cholangiocyte', 'Kupffer', 'LSEC', 'NK', 'Neutrophil')"
"('CD8', 'Cholangiocyte', 'Kupffer', 'LSEC', 'NK', 'Stellate')",0.4133,"('CD8', 'Cholangiocyte', 'Kupffer', 'LSEC', 'NK', 'Stellate')"
"('CD8', 'Cholangiocyte', 'Kupffer', 'LSEC', 'Neutrophil', 'Stellate')",0.5924,"('CD8', 'Cholangiocyte', 'Kupffer', 'LSEC', 'Neutrophil', 'Stellate')"
"('CD8', 'Cholangiocyte', 'Kupffer', 'NK', 'Neutrophil', 'Stellate')",0.6449,"('CD8', 'Cholangiocyte', 'Kupffer', 'NK', 'Neutrophil', 'Stellate')"
"('CD8', 'Cholangiocyte', 'LSEC', 'NK', 'Neutrophil', 'Stellate')",0.7132,"('CD8', 'Cholangiocyte', 'LSEC', 'NK', 'Neutrophil', 'Stellate')"
"('CD8', 'Hepatocyte', 'Kupffer', 'LSEC', 'NK', 'Neutrophil')",0.6284,"('CD8', 'Hepatocyte', 'Kupffer', 'LSEC', 'NK', 'Neutrophil')"
"('CD8', 'Hepatocyte', 'Kupffer', 'LSEC', 'NK', 'Stellate')",0.4994,"('CD8', 'Hepatocyte', 'Kupffer', 'LSEC', 'NK', 'Stellate')"
"('CD8', 'Hepatocyte', 'Kupffer', 'LSEC', 'Neutrophil', 'Stellate')",0.5728,"('CD8', 'Hepatocyte', 'Kupffer', 'LSEC', 'Neutrophil', 'Stellate')"
"('CD8', 'Hepatocyte', 'Kupffer', 'NK', 'Neutrophil', 'Stellate')",0.6206,"('CD8', 'Hepatocyte', 'Kupffer', 'NK', 'Neutrophil', 'Stellate')"
"('CD8', 'Hepatocyte', 'LSEC', 'NK', 'Neutrophil', 'Stellate')",0.6669,"('CD8', 'Hepatocyte', 'LSEC', 'NK', 'Neutrophil', 'Stellate')"
"('CD8', 'Kupffer', 'LSEC', 'NK', 'Neutrophil', 'Stellate')",0.674,"('CD8', 'Kupffer', 'LSEC', 'NK', 'Neutrophil', 'Stellate')"
"('Cholangiocyte', 'Hepatocyte', 'Kupffer', 'LSEC', 'NK', 'Neutrophil')",0.5037,"('Cholangiocyte', 'Hepatocyte', 'Kupffer', 'LSEC', 'NK', 'Neutrophil')"
"('Cholangiocyte', 'Hepatocyte', 'Kupffer', 'LSEC', 'NK', 'Stellate')",0.393,"('Cholangiocyte', 'Hepatocyte', 'Kupffer', 'LSEC', 'NK', 'Stellate')"
"('Cholangiocyte', 'Hepatocyte', 'Kupffer', 'LSEC', 'Neutrophil', 'Stellate')",0.446,"('Cholangiocyte', 'Hepatocyte', 'Kupffer', 'LSEC', 'Neutrophil', 'Stellate')"
"('Cholangiocyte', 'Hepatocyte', 'Kupffer', 'NK', 'Neutrophil', 'Stellate')",0.7208,"('Cholangiocyte', 'Hepatocyte', 'Kupffer', 'NK', 'Neutrophil', 'Stellate')"
"('Cholangiocyte', 'Hepatocyte', 'LSEC', 'NK', 'Neutrophil', 'Stellate')",0.6527,"('Cholangiocyte', 'Hepatocyte', 'LSEC', 'NK', 'Neutrophil', 'Stellate')"
"('Cholangiocyte', 'Kupffer', 'LSEC', 'NK', 'Neutrophil', 'Stellate')",0.5816,"('Cholangiocyte', 'Kupffer', 'LSEC', 'NK', 'Neutrophil', 'Stellate')"
"('Hepatocyte', 'Kupffer', 'LSEC', 'NK', 'Neutrophil', 'Stellate')",0.5863,"('Hepatocyte', 'Kupffer', 'LSEC', 'NK', 'Neutrophil', 'Stellate')"
"('B', 'CD8', 'Cholangiocyte', 'Hepatocyte', 'Kupffer', 'LSEC', 'NK')",0.3233,"('B', 'CD8', 'Cholangiocyte', 'Hepatocyte', 'Kupffer', 'LSEC', 'NK')"
"('B', 'CD8', 'Cholangiocyte', 'Hepatocyte', 'Kupffer', 'LSEC', 'Neutrophil')",0.5107,"('B', 'CD8', 'Cholangiocyte', 'Hepatocyte', 'Kupffer', 'LSEC', 'Neutrophil')"
"('B', 'CD8', 'Cholangiocyte', 'Hepatocyte', 'Kupffer', 'LSEC', 'Stellate')",0.3796,"('B', 'CD8', 'Cholangiocyte', 'Hepatocyte', 'Kupffer', 'LSEC', 'Stellate')"
"('B', 'CD8', 'Cholangiocyte', 'Hepatocyte', 'Kupffer', 'NK', 'Neutrophil')",0.756,"('B', 'CD8', 'Cholangiocyte', 'Hepatocyte', 'Kupffer', 'NK', 'Neutrophil')"
"('B', 'CD8', 'Cholangiocyte', 'Hepatocyte', 'Kupffer', 'NK', 'Stellate')",0.5205,"('B', 'CD8', 'Cholangiocyte', 'Hepatocyte', 'Kupffer', 'NK', 'Stellate')"
"('B', 'CD8', 'Cholangiocyte', 'Hepatocyte', 'Kupffer', 'Neutrophil', 'Stellate')",0.7475,"('B', 'CD8', 'Cholangiocyte', 'Hepatocyte', 'Kupffer', 'Neutrophil', 'Stellate')"
"('B', 'CD8', 'Cholangiocyte', 'Hepatocyte', 'LSEC', 'NK', 'Neutrophil')",0.7093,"('B', 'CD8', 'Cholangiocyte', 'Hepatocyte', 'LSEC', 'NK', 'Neutrophil')"
"('B', 'CD8', 'Cholangiocyte', 'Hepatocyte', 'LSEC', 'NK', 'Stellate')",0.6021,"('B', 'CD8', 'Cholangiocyte', 'Hepatocyte', 'LSEC', 'NK', 'Stellate')"
"('B', 'CD8', 'Cholangiocyte', 'Hepatocyte', 'LSEC', 'Neutrophil', 'Stellate')",0.6806,"('B', 'CD8', 'Cholangiocyte', 'Hepatocyte', 'LSEC', 'Neutrophil', 'Stellate')"
"('B', 'CD8', 'Cholangiocyte', 'Hepatocyte', 'NK', 'Neutrophil', 'Stellate')",0.7188,"('B', 'CD8', 'Cholangiocyte', 'Hepatocyte', 'NK', 'Neutrophil', 'Stellate')"
"('B', 'CD8', 'Cholangiocyte', 'Kupffer', 'LSEC', 'NK', 'Neutrophil')",0.6498,"('B', 'CD8', 'Cholangiocyte', 'Kupffer', 'LSEC', 'NK', 'Neutrophil')"
"('B', 'CD8', 'Cholangiocyte', 'Kupffer', 'LSEC', 'NK', 'Stellate')",0.3894,"('B', 'CD8', 'Cholangiocyte', 'Kupffer', 'LSEC', 'NK', 'Stellate')"
"('B', 'CD8', 'Cholangiocyte', 'Kupffer', 'LSEC', 'Neutrophil', 'Stellate')",0.6032,"('B', 'CD8', 'Cholangiocyte', 'Kupffer', 'LSEC', 'Neutrophil', 'Stellate')"
"('B', 'CD8', 'Cholangiocyte', 'Kupffer', 'NK', 'Neutrophil', 'Stellate')",0.6598,"('B', 'CD8', 'Cholangiocyte', 'Kupffer', 'NK', 'Neutrophil', 'Stellate')"
"('B', 'CD8', 'Cholangiocyte', 'LSEC', 'NK', 'Neutrophil', 'Stellate')",0.7341,"('B', 'CD8', 'Cholangiocyte', 'LSEC', 'NK', 'Neutrophil', 'Stellate')"
"('B', 'CD8', 'Hepatocyte', 'Kupffer', 'LSEC', 'NK', 'Neutrophil')",0.6351,"('B', 'CD8', 'Hepatocyte', 'Kupffer', 'LSEC', 'NK', 'Neutrophil')"
"('B', 'CD8', 'Hepatocyte', 'Kupffer', 'LSEC', 'NK', 'Stellate')",0.4919,"('B', 'CD8', 'Hepatocyte', 'Kupffer', 'LSEC', 'NK', 'Stellate')"
"('B', 'CD8', 'Hepatocyte', 'Kupffer', 'LSEC', 'Neutrophil', 'Stellate')",0.5556,"('B', 'CD8', 'Hepatocyte', 'Kupffer', 'LSEC', 'Neutrophil', 'Stellate')"
"('B', 'CD8', 'Hepatocyte', 'Kupffer', 'NK', 'Neutrophil', 'Stellate')",0.6278,"('B', 'CD8', 'Hepatocyte', 'Kupffer', 'NK', 'Neutrophil', 'Stellate')"
"('B', 'CD8', 'Hepatocyte', 'LSEC', 'NK', 'Neutrophil', 'Stellate')",0.6829,"('B', 'CD8', 'Hepatocyte', 'LSEC', 'NK', 'Neutrophil', 'Stellate')"
"('B', 'CD8', 'Kupffer', 'LSEC', 'NK', 'Neutrophil', 'Stellate')",0.6878,"('B', 'CD8', 'Kupffer', 'LSEC', 'NK', 'Neutrophil', 'Stellate')"
"('B', 'Cholangiocyte', 'Hepatocyte', 'Kupffer', 'LSEC', 'NK', 'Neutrophil')",0.4996,"('B', 'Cholangiocyte', 'Hepatocyte', 'Kupffer', 'LSEC', 'NK', 'Neutrophil')"
"('B', 'Cholangiocyte', 'Hepatocyte', 'Kupffer', 'LSEC', 'NK', 'Stellate')",0.3828,"('B', 'Cholangiocyte', 'Hepatocyte', 'Kupffer', 'LSEC', 'NK', 'Stellate')"
"('B', 'Cholangiocyte', 'Hepatocyte', 'Kupffer', 'LSEC', 'Neutrophil', 'Stellate')",0.4916,"('B', 'Cholangiocyte', 'Hepatocyte', 'Kupffer', 'LSEC', 'Neutrophil', 'Stellate')"
"('B', 'Cholangiocyte', 'Hepatocyte', 'Kupffer', 'NK', 'Neutrophil', 'Stellate')",0.7467,"('B', 'Cholangiocyte', 'Hepatocyte', 'Kupffer', 'NK', 'Neutrophil', 'Stellate')"
"('B', 'Cholangiocyte', 'Hepatocyte', 'LSEC', 'NK', 'Neutrophil', 'Stellate')",0.6706,"('B', 'Cholangiocyte', 'Hepatocyte', 'LSEC', 'NK', 'Neutrophil', 'Stellate')"
"('B', 'Cholangiocyte', 'Kupffer', 'LSEC', 'NK', 'Neutrophil', 'Stellate')",0.5858,"('B', 'Cholangiocyte', 'Kupffer', 'LSEC', 'NK', 'Neutrophil', 'Stellate')"
"('B', 'Hepatocyte', 'Kupffer', 'LSEC', 'NK', 'Neutrophil', 'Stellate')",0.5643,"('B', 'Hepatocyte', 'Kupffer', 'LSEC', 'NK', 'Neutrophil', 'Stellate')"
"('CD8', 'Cholangiocyte', 'Hepatocyte', 'Kupffer', 'LSEC', 'NK', 'Neutrophil')",0.5399,"('CD8', 'Cholangiocyte', 'Hepatocyte', 'Kupffer', 'LSEC', 'NK', 'Neutrophil')"
"('CD8', 'Cholangiocyte', 'Hepatocyte', 'Kupffer', 'LSEC', 'NK', 'Stellate')",0.3906,"('CD8', 'Cholangiocyte', 'Hepatocyte', 'Kupffer', 'LSEC', 'NK', 'Stellate')"
"('CD8', 'Cholangiocyte', 'Hepatocyte', 'Kupffer', 'LSEC', 'Neutrophil', 'Stellate')",0.5512,"('CD8', 'Cholangiocyte', 'Hepatocyte', 'Kupffer', 'LSEC', 'Neutrophil', 'Stellate')"
"('CD8', 'Cholangiocyte', 'Hepatocyte', 'Kupffer', 'NK', 'Neutrophil', 'Stellate')",0.714,"('CD8', 'Cholangiocyte', 'Hepatocyte', 'Kupffer', 'NK', 'Neutrophil', 'Stellate')"
"('CD8', 'Cholangiocyte', 'Hepatocyte', 'LSEC', 'NK', 'Neutrophil', 'Stellate')",0.662,"('CD8', 'Cholangiocyte', 'Hepatocyte', 'LSEC', 'NK', 'Neutrophil', 'Stellate')"
"('CD8', 'Cholangiocyte', 'Kupffer', 'LSEC', 'NK', 'Neutrophil', 'Stellate')",0.6034,"('CD8', 'Cholangiocyte', 'Kupffer', 'LSEC', 'NK', 'Neutrophil', 'Stellate')"
"('CD8', 'Hepatocyte', 'Kupffer', 'LSEC', 'NK', 'Neutrophil', 'Stellate')",0.5907,"('CD8', 'Hepatocyte', 'Kupffer', 'LSEC', 'NK', 'Neutrophil', 'Stellate')"
"('Cholangiocyte', 'Hepatocyte', 'Kupffer', 'LSEC', 'NK', 'Neutrophil', 'Stellate')",0.5377,"('Cholangiocyte', 'Hepatocyte', 'Kupffer', 'LSEC', 'NK', 'Neutrophil', 'Stellate')"
"('B', 'CD8', 'Cholangiocyte', 'Hepatocyte', 'Kupffer', 'LSEC', 'NK', 'Neutrophil')",0.5405,"('B', 'CD8', 'Cholangiocyte', 'Hepatocyte', 'Kupffer', 'LSEC', 'NK', 'Neutrophil')"
"('B', 'CD8', 'Cholangiocyte', 'Hepatocyte', 'Kupffer', 'LSEC', 'NK', 'Stellate')",0.3912,"('B', 'CD8', 'Cholangiocyte', 'Hepatocyte', 'Kupffer', 'LSEC', 'NK', 'Stellate')"
"('B', 'CD8', 'Cholangiocyte', 'Hepatocyte', 'Kupffer', 'LSEC', 'Neutrophil', 'Stellate')",0.5723,"('B', 'CD8', 'Cholangiocyte', 'Hepatocyte', 'Kupffer', 'LSEC', 'Neutrophil', 'Stellate')"
"('B', 'CD8', 'Cholangiocyte', 'Hepatocyte', 'Kupffer', 'NK', 'Neutrophil', 'Stellate')",0.7519,"('B', 'CD8', 'Cholangiocyte', 'Hepatocyte', 'Kupffer', 'NK', 'Neutrophil', 'Stellate')"
"('B', 'CD8', 'Cholangiocyte', 'Hepatocyte', 'LSEC', 'NK', 'Neutrophil', 'Stellate')",0.6805,"('B', 'CD8', 'Cholangiocyte', 'Hepatocyte', 'LSEC', 'NK', 'Neutrophil', 'Stellate')"
"('B', 'CD8', 'Cholangiocyte', 'Kupffer', 'LSEC', 'NK', 'Neutrophil', 'Stellate')",0.612,"('B', 'CD8', 'Cholangiocyte', 'Kupffer', 'LSEC', 'NK', 'Neutrophil', 'Stellate')"
"('B', 'CD8', 'Hepatocyte', 'Kupffer', 'LSEC', 'NK', 'Neutrophil', 'Stellate')",0.5827,"('B', 'CD8', 'Hepatocyte', 'Kupffer', 'LSEC', 'NK', 'Neutrophil', 'Stellate')"
"('B', 'Cholangiocyte', 'Hepatocyte', 'Kupffer', 'LSEC', 'NK', 'Neutrophil', 'Stellate')",0.5508,"('B', 'Cholangiocyte', 'Hepatocyte', 'Kupffer', 'LSEC', 'NK', 'Neutrophil', 'Stellate')"
"('CD8', 'Cholangiocyte', 'Hepatocyte', 'Kupffer', 'LSEC', 'NK', 'Neutrophil', 'Stellate')",0.5795,"('CD8', 'Cholangiocyte', 'Hepatocyte', 'Kupffer', 'LSEC', 'NK', 'Neutrophil', 'Stellate')"
"('B', 'CD8', 'Cholangiocyte', 'Hepatocyte', 'Kupffer', 'LSEC', 'NK', 'Neutrophil', 'Stellate')",0.579,"('B', 'CD8', 'Cholangiocyte', 'Hepatocyte', 'Kupffer', 'LSEC', 'NK', 'Neutrophil', 'Stellate')"
