,NK,pair
"('B',)",0.6344,"('B',)"
"('CD8',)",0.4769,"('CD8',)"
"('Cholangiocyte',)",0.6553,"('Cholangiocyte',)"
"('Hepatocyte',)",0.2937,"('Hepatocyte',)"
"('Kupffer',)",0.655,"('Kupffer',)"
"('LSEC',)",0.5038,"('LSEC',)"
"('Monocyte',)",0.6003,"('Monocyte',)"
"('Neutrophil',)",0.6415,"('Neutrophil',)"
"('Stellate',)",0.6717,"('Stellate',)"
"('B', 'CD8')",0.5409,"('B', 'CD8')"
"('B', 'Cholangiocyte')",0.7419,"('B', 'Cholangiocyte')"
"('B', 'Hepatocyte')",0.5218,"('B', 'Hepatocyte')"
"('B', 'Kupffer')",0.6745,"('B', 'Kupffer')"
"('B', 'LSEC')",0.5916,"('B', 'LSEC')"
"('B', 'Monocyte')",0.6443,"('B', 'Monocyte')"
"('B', 'Neutrophil')",0.7455,"('B', 'Neutrophil')"
"('B', 'Stellate')",0.7405,"('B', 'Stellate')"
"('CD8', 'Cholangiocyte')",0.4027,"('CD8', 'Cholangiocyte')"
"('CD8', 'Hepatocyte')",0.2408,"('CD8', 'Hepatocyte')"
"('CD8', 'Kupffer')",0.6312,"('CD8', 'Kupffer')"
"('CD8', 'LSEC')",0.4624,"('CD8', 'LSEC')"
"('CD8', 'Monocyte')",0.4085,"('CD8', 'Monocyte')"
"('CD8', 'Neutrophil')",0.3909,"('CD8', 'Neutrophil')"
"('CD8', 'Stellate')",0.4213,"('CD8', 'Stellate')"
"('Cholangiocyte', 'Hepatocyte')",0.4493,"('Cholangiocyte', 'Hepatocyte')"
"('Cholangiocyte', 'Kupffer')",0.6831,"('Cholangiocyte', 'Kupffer')"
"('Cholangiocyte', 'LSEC')",0.653,"('Cholangiocyte', 'LSEC')"
"('Cholangiocyte', 'Monocyte')",0.725,"('Cholangiocyte', 'Monocyte')"
"('Cholangiocyte', 'Neutrophil')",0.6131,"('Cholangiocyte', 'Neutrophil')"
"('Cholangiocyte', 'Stellate')",0.7923,"('Cholangiocyte', 'Stellate')"
"('Hepatocyte', 'Kupffer')",0.6332,"('Hepatocyte', 'Kupffer')"
"('Hepatocyte', 'LSEC')",0.5137,"('Hepatocyte', 'LSEC')"
"('Hepatocyte', 'Monocyte')",0.6316,"('Hepatocyte', 'Monocyte')"
"('Hepatocyte', 'Neutrophil')",0.4198,"('Hepatocyte', 'Neutrophil')"
"('Hepatocyte', 'Stellate')",0.6203,"('Hepatocyte', 'Stellate')"
"('Kupffer', 'LSEC')",0.6222,"('Kupffer', 'LSEC')"
"('Kupffer', 'Monocyte')",0.6701,"('Kupffer', 'Monocyte')"
"('Kupffer', 'Neutrophil')",0.7473,"('Kupffer', 'Neutrophil')"
"('Kupffer', 'Stellate')",0.7795,"('Kupffer', 'Stellate')"
"('LSEC', 'Monocyte')",0.6087,"('LSEC', 'Monocyte')"
"('LSEC', 'Neutrophil')",0.6396,"('LSEC', 'Neutrophil')"
"('LSEC', 'Stellate')",0.7003,"('LSEC', 'Stellate')"
"('Monocyte', 'Neutrophil')",0.7694,"('Monocyte', 'Neutrophil')"
"('Monocyte', 'Stellate')",0.8005,"('Monocyte', 'Stellate')"
"('Neutrophil', 'Stellate')",0.6049,"('Neutrophil', 'Stellate')"
"('B', 'CD8', 'Cholangiocyte')",0.7297,"('B', 'CD8', 'Cholangiocyte')"
"('B', 'CD8', 'Hepatocyte')",0.4407,"('B', 'CD8', 'Hepatocyte')"
"('B', 'CD8', 'Kupffer')",0.6544,"('B', 'CD8', 'Kupffer')"
"('B', 'CD8', 'LSEC')",0.5336,"('B', 'CD8', 'LSEC')"
"('B', 'CD8', 'Monocyte')",0.5068,"('B', 'CD8', 'Monocyte')"
"('B', 'CD8', 'Neutrophil')",0.6377,"('B', 'CD8', 'Neutrophil')"
"('B', 'CD8', 'Stellate')",0.6143,"('B', 'CD8', 'Stellate')"
"('B', 'Cholangiocyte', 'Hepatocyte')",0.6423,"('B', 'Cholangiocyte', 'Hepatocyte')"
"('B', 'Cholangiocyte', 'Kupffer')",0.6991,"('B', 'Cholangiocyte', 'Kupffer')"
"('B', 'Cholangiocyte', 'LSEC')",0.71,"('B', 'Cholangiocyte', 'LSEC')"
"('B', 'Cholangiocyte', 'Monocyte')",0.7402,"('B', 'Cholangiocyte', 'Monocyte')"
"('B', 'Cholangiocyte', 'Neutrophil')",0.701,"('B', 'Cholangiocyte', 'Neutrophil')"
"('B', 'Cholangiocyte', 'Stellate')",0.8125,"('B', 'Cholangiocyte', 'Stellate')"
"('B', 'Hepatocyte', 'Kupffer')",0.6217,"('B', 'Hepatocyte', 'Kupffer')"
"('B', 'Hepatocyte', 'LSEC')",0.6094,"('B', 'Hepatocyte', 'LSEC')"
"('B', 'Hepatocyte', 'Monocyte')",0.6313,"('B', 'Hepatocyte', 'Monocyte')"
"('B', 'Hepatocyte', 'Neutrophil')",0.4892,"('B', 'Hepatocyte', 'Neutrophil')"
"('B', 'Hepatocyte', 'Stellate')",0.7027,"('B', 'Hepatocyte', 'Stellate')"
"('B', 'Kupffer', 'LSEC')",0.6397,"('B', 'Kupffer', 'LSEC')"
"('B', 'Kupffer', 'Monocyte')",0.6725,"('B', 'Kupffer', 'Monocyte')"
"('B', 'Kupffer', 'Neutrophil')",0.7509,"('B', 'Kupffer', 'Neutrophil')"
"('B', 'Kupffer', 'Stellate')",0.7708,"('B', 'Kupffer', 'Stellate')"
"('B', 'LSEC', 'Monocyte')",0.6229,"('B', 'LSEC', 'Monocyte')"
"('B', 'LSEC', 'Neutrophil')",0.6825,"('B', 'LSEC', 'Neutrophil')"
"('B', 'LSEC', 'Stellate')",0.7344,"('B', 'LSEC', 'Stellate')"
"('B', 'Monocyte', 'Neutrophil')",0.791,"('B', 'Monocyte', 'Neutrophil')"
"('B', 'Monocyte', 'Stellate')",0.7862,"('B', 'Monocyte', 'Stellate')"
"('B', 'Neutrophil', 'Stellate')",0.7409,"('B', 'Neutrophil', 'Stellate')"
"('CD8', 'Cholangiocyte', 'Hepatocyte')",0.3281,"('CD8', 'Cholangiocyte', 'Hepatocyte')"
"('CD8', 'Cholangiocyte', 'Kupffer')",0.6955,"('CD8', 'Cholangiocyte', 'Kupffer')"
"('CD8', 'Cholangiocyte', 'LSEC')",0.6118,"('CD8', 'Cholangiocyte', 'LSEC')"
"('CD8', 'Cholangiocyte', 'Monocyte')",0.6778,"('CD8', 'Cholangiocyte', 'Monocyte')"
"('CD8', 'Cholangiocyte', 'Neutrophil')",0.4432,"('CD8', 'Cholangiocyte', 'Neutrophil')"
"('CD8', 'Cholangiocyte', 'Stellate')",0.6439,"('CD8', 'Cholangiocyte', 'Stellate')"
"('CD8', 'Hepatocyte', 'Kupffer')",0.6548,"('CD8', 'Hepatocyte', 'Kupffer')"
"('CD8', 'Hepatocyte', 'LSEC')",0.427,"('CD8', 'Hepatocyte', 'LSEC')"
"('CD8', 'Hepatocyte', 'Monocyte')",0.6355,"('CD8', 'Hepatocyte', 'Monocyte')"
"('CD8', 'Hepatocyte', 'Neutrophil')",0.4048,"('CD8', 'Hepatocyte', 'Neutrophil')"
"('CD8', 'Hepatocyte', 'Stellate')",0.5081,"('CD8', 'Hepatocyte', 'Stellate')"
"('CD8', 'Kupffer', 'LSEC')",0.5939,"('CD8', 'Kupffer', 'LSEC')"
"('CD8', 'Kupffer', 'Monocyte')",0.6536,"('CD8', 'Kupffer', 'Monocyte')"
"('CD8', 'Kupffer', 'Neutrophil')",0.7626,"('CD8', 'Kupffer', 'Neutrophil')"
"('CD8', 'Kupffer', 'Stellate')",0.759,"('CD8', 'Kupffer', 'Stellate')"
"('CD8', 'LSEC', 'Monocyte')",0.571,"('CD8', 'LSEC', 'Monocyte')"
"('CD8', 'LSEC', 'Neutrophil')",0.6264,"('CD8', 'LSEC', 'Neutrophil')"
"('CD8', 'LSEC', 'Stellate')",0.6175,"('CD8', 'LSEC', 'Stellate')"
"('CD8', 'Monocyte', 'Neutrophil')",0.6571,"('CD8', 'Monocyte', 'Neutrophil')"
"('CD8', 'Monocyte', 'Stellate')",0.7088,"('CD8', 'Monocyte', 'Stellate')"
"('CD8', 'Neutrophil', 'Stellate')",0.4448,"('CD8', 'Neutrophil', 'Stellate')"
"('Cholangiocyte', 'Hepatocyte', 'Kupffer')",0.6725,"('Cholangiocyte', 'Hepatocyte', 'Kupffer')"
"('Cholangiocyte', 'Hepatocyte', 'LSEC')",0.5245,"('Cholangiocyte', 'Hepatocyte', 'LSEC')"
"('Cholangiocyte', 'Hepatocyte', 'Monocyte')",0.6683,"('Cholangiocyte', 'Hepatocyte', 'Monocyte')"
"('Cholangiocyte', 'Hepatocyte', 'Neutrophil')",0.5312,"('Cholangiocyte', 'Hepatocyte', 'Neutrophil')"
"('Cholangiocyte', 'Hepatocyte', 'Stellate')",0.6889,"('Cholangiocyte', 'Hepatocyte', 'Stellate')"
"('Cholangiocyte', 'Kupffer', 'LSEC')",0.6691,"('Cholangiocyte', 'Kupffer', 'LSEC')"
"('Cholangiocyte', 'Kupffer', 'Monocyte')",0.6915,"('Cholangiocyte', 'Kupffer', 'Monocyte')"
"('Cholangiocyte', 'Kupffer', 'Neutrophil')",0.6871,"('Cholangiocyte', 'Kupffer', 'Neutrophil')"
"('Cholangiocyte', 'Kupffer', 'Stellate')",0.7742,"('Cholangiocyte', 'Kupffer', 'Stellate')"
"('Cholangiocyte', 'LSEC', 'Monocyte')",0.6664,"('Cholangiocyte', 'LSEC', 'Monocyte')"
"('Cholangiocyte', 'LSEC', 'Neutrophil')",0.7182,"('Cholangiocyte', 'LSEC', 'Neutrophil')"
"('Cholangiocyte', 'LSEC', 'Stellate')",0.7474,"('Cholangiocyte', 'LSEC', 'Stellate')"
"('Cholangiocyte', 'Monocyte', 'Neutrophil')",0.7809,"('Cholangiocyte', 'Monocyte', 'Neutrophil')"
"('Cholangiocyte', 'Monocyte', 'Stellate')",0.8242,"('Cholangiocyte', 'Monocyte', 'Stellate')"
"('Cholangiocyte', 'Neutrophil', 'Stellate')",0.6308,"('Cholangiocyte', 'Neutrophil', 'Stellate')"
"('Hepatocyte', 'Kupffer', 'LSEC')",0.6301,"('Hepatocyte', 'Kupffer', 'LSEC')"
"('Hepatocyte', 'Kupffer', 'Monocyte')",0.663,"('Hepatocyte', 'Kupffer', 'Monocyte')"
"('Hepatocyte', 'Kupffer', 'Neutrophil')",0.6596,"('Hepatocyte', 'Kupffer', 'Neutrophil')"
"('Hepatocyte', 'Kupffer', 'Stellate')",0.7215,"('Hepatocyte', 'Kupffer', 'Stellate')"
"('Hepatocyte', 'LSEC', 'Monocyte')",0.5411,"('Hepatocyte', 'LSEC', 'Monocyte')"
"('Hepatocyte', 'LSEC', 'Neutrophil')",0.6106,"('Hepatocyte', 'LSEC', 'Neutrophil')"
"('Hepatocyte', 'LSEC', 'Stellate')",0.6707,"('Hepatocyte', 'LSEC', 'Stellate')"
"('Hepatocyte', 'Monocyte', 'Neutrophil')",0.6028,"('Hepatocyte', 'Monocyte', 'Neutrophil')"
"('Hepatocyte', 'Monocyte', 'Stellate')",0.7313,"('Hepatocyte', 'Monocyte', 'Stellate')"
"('Hepatocyte', 'Neutrophil', 'Stellate')",0.5626,"('Hepatocyte', 'Neutrophil', 'Stellate')"
"('Kupffer', 'LSEC', 'Monocyte')",0.6326,"('Kupffer', 'LSEC', 'Monocyte')"
"('Kupffer', 'LSEC', 'Neutrophil')",0.6452,"('Kupffer', 'LSEC', 'Neutrophil')"
"('Kupffer', 'LSEC', 'Stellate')",0.7187,"('Kupffer', 'LSEC', 'Stellate')"
"('Kupffer', 'Monocyte', 'Neutrophil')",0.7409,"('Kupffer', 'Monocyte', 'Neutrophil')"
"('Kupffer', 'Monocyte', 'Stellate')",0.7756,"('Kupffer', 'Monocyte', 'Stellate')"
"('Kupffer', 'Neutrophil', 'Stellate')",0.78,"('Kupffer', 'Neutrophil', 'Stellate')"
"('LSEC', 'Monocyte', 'Neutrophil')",0.6762,"('LSEC', 'Monocyte', 'Neutrophil')"
"('LSEC', 'Monocyte', 'Stellate')",0.7334,"('LSEC', 'Monocyte', 'Stellate')"
"('LSEC', 'Neutrophil', 'Stellate')",0.6923,"('LSEC', 'Neutrophil', 'Stellate')"
"('Monocyte', 'Neutrophil', 'Stellate')",0.7923,"('Monocyte', 'Neutrophil', 'Stellate')"
"('B', 'CD8', 'Cholangiocyte', 'Hepatocyte')",0.5924,"('B', 'CD8', 'Cholangiocyte', 'Hepatocyte')"
"('B', 'CD8', 'Cholangiocyte', 'Kupffer')",0.6996,"('B', 'CD8', 'Cholangiocyte', 'Kupffer')"
"('B', 'CD8', 'Cholangiocyte', 'LSEC')",0.7198,"('B', 'CD8', 'Cholangiocyte', 'LSEC')"
"('B', 'CD8', 'Cholangiocyte', 'Monocyte')",0.6886,"('B', 'CD8', 'Cholangiocyte', 'Monocyte')"
"('B', 'CD8', 'Cholangiocyte', 'Neutrophil')",0.6314,"('B', 'CD8', 'Cholangiocyte', 'Neutrophil')"
"('B', 'CD8', 'Cholangiocyte', 'Stellate')",0.7882,"('B', 'CD8', 'Cholangiocyte', 'Stellate')"
"('B', 'CD8', 'Hepatocyte', 'Kupffer')",0.6218,"('B', 'CD8', 'Hepatocyte', 'Kupffer')"
"('B', 'CD8', 'Hepatocyte', 'LSEC')",0.5066,"('B', 'CD8', 'Hepatocyte', 'LSEC')"
"('B', 'CD8', 'Hepatocyte', 'Monocyte')",0.6712,"('B', 'CD8', 'Hepatocyte', 'Monocyte')"
"('B', 'CD8', 'Hepatocyte', 'Neutrophil')",0.4705,"('B', 'CD8', 'Hepatocyte', 'Neutrophil')"
"('B', 'CD8', 'Hepatocyte', 'Stellate')",0.6415,"('B', 'CD8', 'Hepatocyte', 'Stellate')"
"('B', 'CD8', 'Kupffer', 'LSEC')",0.608,"('B', 'CD8', 'Kupffer', 'LSEC')"
"('B', 'CD8', 'Kupffer', 'Monocyte')",0.6549,"('B', 'CD8', 'Kupffer', 'Monocyte')"
"('B', 'CD8', 'Kupffer', 'Neutrophil')",0.7544,"('B', 'CD8', 'Kupffer', 'Neutrophil')"
"('B', 'CD8', 'Kupffer', 'Stellate')",0.7202,"('B', 'CD8', 'Kupffer', 'Stellate')"
"('B', 'CD8', 'LSEC', 'Monocyte')",0.5904,"('B', 'CD8', 'LSEC', 'Monocyte')"
"('B', 'CD8', 'LSEC', 'Neutrophil')",0.6876,"('B', 'CD8', 'LSEC', 'Neutrophil')"
"('B', 'CD8', 'LSEC', 'Stellate')",0.6956,"('B', 'CD8', 'LSEC', 'Stellate')"
"('B', 'CD8', 'Monocyte', 'Neutrophil')",0.7358,"('B', 'CD8', 'Monocyte', 'Neutrophil')"
"('B', 'CD8', 'Monocyte', 'Stellate')",0.7221,"('B', 'CD8', 'Monocyte', 'Stellate')"
"('B', 'CD8', 'Neutrophil', 'Stellate')",0.6765,"('B', 'CD8', 'Neutrophil', 'Stellate')"
"('B', 'Cholangiocyte', 'Hepatocyte', 'Kupffer')",0.7056,"('B', 'Cholangiocyte', 'Hepatocyte', 'Kupffer')"
"('B', 'Cholangiocyte', 'Hepatocyte', 'LSEC')",0.5362,"('B', 'Cholangiocyte', 'Hepatocyte', 'LSEC')"
"('B', 'Cholangiocyte', 'Hepatocyte', 'Monocyte')",0.7076,"('B', 'Cholangiocyte', 'Hepatocyte', 'Monocyte')"
"('B', 'Cholangiocyte', 'Hepatocyte', 'Neutrophil')",0.6514,"('B', 'Cholangiocyte', 'Hepatocyte', 'Neutrophil')"
"('B', 'Cholangiocyte', 'Hepatocyte', 'Stellate')",0.7562,"('B', 'Cholangiocyte', 'Hepatocyte', 'Stellate')"
"('B', 'Cholangiocyte', 'Kupffer', 'LSEC')",0.6352,"('B', 'Cholangiocyte', 'Kupffer', 'LSEC')"
"('B', 'Cholangiocyte', 'Kupffer', 'Monocyte')",0.6914,"('B', 'Cholangiocyte', 'Kupffer', 'Monocyte')"
"('B', 'Cholangiocyte', 'Kupffer', 'Neutrophil')",0.6895,"('B', 'Cholangiocyte', 'Kupffer', 'Neutrophil')"
"('B', 'Cholangiocyte', 'Kupffer', 'Stellate')",0.7737,"('B', 'Cholangiocyte', 'Kupffer', 'Stellate')"
"('B', 'Cholangiocyte', 'LSEC', 'Monocyte')",0.6704,"('B', 'Cholangiocyte', 'LSEC', 'Monocyte')"
"('B', 'Cholangiocyte', 'LSEC', 'Neutrophil')",0.7749,"('B', 'Cholangiocyte', 'LSEC', 'Neutrophil')"
"('B', 'Cholangiocyte', 'LSEC', 'Stellate')",0.7379,"('B', 'Cholangiocyte', 'LSEC', 'Stellate')"
"('B', 'Cholangiocyte', 'Monocyte', 'Neutrophil')",0.7508,"('B', 'Cholangiocyte', 'Monocyte', 'Neutrophil')"
"('B', 'Cholangiocyte', 'Monocyte', 'Stellate')",0.8225,"('B', 'Cholangiocyte', 'Monocyte', 'Stellate')"
"('B', 'Cholangiocyte', 'Neutrophil', 'Stellate')",0.7264,"('B', 'Cholangiocyte', 'Neutrophil', 'Stellate')"
"('B', 'Hepatocyte', 'Kupffer', 'LSEC')",0.6394,"('B', 'Hepatocyte', 'Kupffer', 'LSEC')"
"('B', 'Hepatocyte', 'Kupffer', 'Monocyte')",0.6484,"('B', 'Hepatocyte', 'Kupffer', 'Monocyte')"
"('B', 'Hepatocyte', 'Kupffer', 'Neutrophil')",0.6809,"('B', 'Hepatocyte', 'Kupffer', 'Neutrophil')"
"('B', 'Hepatocyte', 'Kupffer', 'Stellate')",0.7074,"('B', 'Hepatocyte', 'Kupffer', 'Stellate')"
"('B', 'Hepatocyte', 'LSEC', 'Monocyte')",0.5578,"('B', 'Hepatocyte', 'LSEC', 'Monocyte')"
"('B', 'Hepatocyte', 'LSEC', 'Neutrophil')",0.7321,"('B', 'Hepatocyte', 'LSEC', 'Neutrophil')"
"('B', 'Hepatocyte', 'LSEC', 'Stellate')",0.7097,"('B', 'Hepatocyte', 'LSEC', 'Stellate')"
"('B', 'Hepatocyte', 'Monocyte', 'Neutrophil')",0.6652,"('B', 'Hepatocyte', 'Monocyte', 'Neutrophil')"
"('B', 'Hepatocyte', 'Monocyte', 'Stellate')",0.7564,"('B', 'Hepatocyte', 'Monocyte', 'Stellate')"
"('B', 'Hepatocyte', 'Neutrophil', 'Stellate')",0.5908,"('B', 'Hepatocyte', 'Neutrophil', 'Stellate')"
"('B', 'Kupffer', 'LSEC', 'Monocyte')",0.6391,"('B', 'Kupffer', 'LSEC', 'Monocyte')"
"('B', 'Kupffer', 'LSEC', 'Neutrophil')",0.6631,"('B', 'Kupffer', 'LSEC', 'Neutrophil')"
"('B', 'Kupffer', 'LSEC', 'Stellate')",0.7217,"('B', 'Kupffer', 'LSEC', 'Stellate')"
"('B', 'Kupffer', 'Monocyte', 'Neutrophil')",0.7423,"('B', 'Kupffer', 'Monocyte', 'Neutrophil')"
"('B', 'Kupffer', 'Monocyte', 'Stellate')",0.7489,"('B', 'Kupffer', 'Monocyte', 'Stellate')"
"('B', 'Kupffer', 'Neutrophil', 'Stellate')",0.7802,"('B', 'Kupffer', 'Neutrophil', 'Stellate')"
"('B', 'LSEC', 'Monocyte', 'Neutrophil')",0.6881,"('B', 'LSEC', 'Monocyte', 'Neutrophil')"
"('B', 'LSEC', 'Monocyte', 'Stellate')",0.726,"('B', 'LSEC', 'Monocyte', 'Stellate')"
"('B', 'LSEC', 'Neutrophil', 'Stellate')",0.736,"('B', 'LSEC', 'Neutrophil', 'Stellate')"
"('B', 'Monocyte', 'Neutrophil', 'Stellate')",0.8016,"('B', 'Monocyte', 'Neutrophil', 'Stellate')"
"('CD8', 'Cholangiocyte', 'Hepatocyte', 'Kupffer')",0.6705,"('CD8', 'Cholangiocyte', 'Hepatocyte', 'Kupffer')"
"('CD8', 'Cholangiocyte', 'Hepatocyte', 'LSEC')",0.5269,"('CD8', 'Cholangiocyte', 'Hepatocyte', 'LSEC')"
"('CD8', 'Cholangiocyte', 'Hepatocyte', 'Monocyte')",0.6417,"('CD8', 'Cholangiocyte', 'Hepatocyte', 'Monocyte')"
"('CD8', 'Cholangiocyte', 'Hepatocyte', 'Neutrophil')",0.5066,"('CD8', 'Cholangiocyte', 'Hepatocyte', 'Neutrophil')"
"('CD8', 'Cholangiocyte', 'Hepatocyte', 'Stellate')",0.5734,"('CD8', 'Cholangiocyte', 'Hepatocyte', 'Stellate')"
"('CD8', 'Cholangiocyte', 'Kupffer', 'LSEC')",0.6129,"('CD8', 'Cholangiocyte', 'Kupffer', 'LSEC')"
"('CD8', 'Cholangiocyte', 'Kupffer', 'Monocyte')",0.7237,"('CD8', 'Cholangiocyte', 'Kupffer', 'Monocyte')"
"('CD8', 'Cholangiocyte', 'Kupffer', 'Neutrophil')",0.7049,"('CD8', 'Cholangiocyte', 'Kupffer', 'Neutrophil')"
"('CD8', 'Cholangiocyte', 'Kupffer', 'Stellate')",0.7749,"('CD8', 'Cholangiocyte', 'Kupffer', 'Stellate')"
"('CD8', 'Cholangiocyte', 'LSEC', 'Monocyte')",0.7092,"('CD8', 'Cholangiocyte', 'LSEC', 'Monocyte')"
"('CD8', 'Cholangiocyte', 'LSEC', 'Neutrophil')",0.6359,"('CD8', 'Cholangiocyte', 'LSEC', 'Neutrophil')"
"('CD8', 'Cholangiocyte', 'LSEC', 'Stellate')",0.5158,"('CD8', 'Cholangiocyte', 'LSEC', 'Stellate')"
"('CD8', 'Cholangiocyte', 'Monocyte', 'Neutrophil')",0.6762,"('CD8', 'Cholangiocyte', 'Monocyte', 'Neutrophil')"
"('CD8', 'Cholangiocyte', 'Monocyte', 'Stellate')",0.8211,"('CD8', 'Cholangiocyte', 'Monocyte', 'Stellate')"
"('CD8', 'Cholangiocyte', 'Neutrophil', 'Stellate')",0.5617,"('CD8', 'Cholangiocyte', 'Neutrophil', 'Stellate')"
"('CD8', 'Hepatocyte', 'Kupffer', 'LSEC')",0.502,"('CD8', 'Hepatocyte', 'Kupffer', 'LSEC')"
"('CD8', 'Hepatocyte', 'Kupffer', 'Monocyte')",0.694,"('CD8', 'Hepatocyte', 'Kupffer', 'Monocyte')"
"('CD8', 'Hepatocyte', 'Kupffer', 'Neutrophil')",0.6548,"('CD8', 'Hepatocyte', 'Kupffer', 'Neutrophil')"
"('CD8', 'Hepatocyte', 'Kupffer', 'Stellate')",0.7161,"('CD8', 'Hepatocyte', 'Kupffer', 'Stellate')"
"('CD8', 'Hepatocyte', 'LSEC', 'Monocyte')",0.4326,"('CD8', 'Hepatocyte', 'LSEC', 'Monocyte')"
"('CD8', 'Hepatocyte', 'LSEC', 'Neutrophil')",0.582,"('CD8', 'Hepatocyte', 'LSEC', 'Neutrophil')"
"('CD8', 'Hepatocyte', 'LSEC', 'Stellate')",0.4784,"('CD8', 'Hepatocyte', 'LSEC', 'Stellate')"
"('CD8', 'Hepatocyte', 'Monocyte', 'Neutrophil')",0.6092,"('CD8', 'Hepatocyte', 'Monocyte', 'Neutrophil')"
"('CD8', 'Hepatocyte', 'Monocyte', 'Stellate')",0.7301,"('CD8', 'Hepatocyte', 'Monocyte', 'Stellate')"
"('CD8', 'Hepatocyte', 'Neutrophil', 'Stellate')",0.5335,"('CD8', 'Hepatocyte', 'Neutrophil', 'Stellate')"
"('CD8', 'Kupffer', 'LSEC', 'Monocyte')",0.6237,"('CD8', 'Kupffer', 'LSEC', 'Monocyte')"
"('CD8', 'Kupffer', 'LSEC', 'Neutrophil')",0.6411,"('CD8', 'Kupffer', 'LSEC', 'Neutrophil')"
"('CD8', 'Kupffer', 'LSEC', 'Stellate')",0.6892,"('CD8', 'Kupffer', 'LSEC', 'Stellate')"
"('CD8', 'Kupffer', 'Monocyte', 'Neutrophil')",0.7318,"('CD8', 'Kupffer', 'Monocyte', 'Neutrophil')"
"('CD8', 'Kupffer', 'Monocyte', 'Stellate')",0.7559,"('CD8', 'Kupffer', 'Monocyte', 'Stellate')"
"('CD8', 'Kupffer', 'Neutrophil', 'Stellate')",0.79,"('CD8', 'Kupffer', 'Neutrophil', 'Stellate')"
"('CD8', 'LSEC', 'Monocyte', 'Neutrophil')",0.6664,"('CD8', 'LSEC', 'Monocyte', 'Neutrophil')"
"('CD8', 'LSEC', 'Monocyte', 'Stellate')",0.7083,"('CD8', 'LSEC', 'Monocyte', 'Stellate')"
"('CD8', 'LSEC', 'Neutrophil', 'Stellate')",0.6742,"('CD8', 'LSEC', 'Neutrophil', 'Stellate')"
"('CD8', 'Monocyte', 'Neutrophil', 'Stellate')",0.7239,"('CD8', 'Monocyte', 'Neutrophil', 'Stellate')"
"('Cholangiocyte', 'Hepatocyte', 'Kupffer', 'LSEC')",0.5796,"('Cholangiocyte', 'Hepatocyte', 'Kupffer', 'LSEC')"
"('Cholangiocyte', 'Hepatocyte', 'Kupffer', 'Monocyte')",0.6867,"('Cholangiocyte', 'Hepatocyte', 'Kupffer', 'Monocyte')"
"('Cholangiocyte', 'Hepatocyte', 'Kupffer', 'Neutrophil')",0.6616,"('Cholangiocyte', 'Hepatocyte', 'Kupffer', 'Neutrophil')"
"('Cholangiocyte', 'Hepatocyte', 'Kupffer', 'Stellate')",0.7384,"('Cholangiocyte', 'Hepatocyte', 'Kupffer', 'Stellate')"
"('Cholangiocyte', 'Hepatocyte', 'LSEC', 'Monocyte')",0.5992,"('Cholangiocyte', 'Hepatocyte', 'LSEC', 'Monocyte')"
"('Cholangiocyte', 'Hepatocyte', 'LSEC', 'Neutrophil')",0.4946,"('Cholangiocyte', 'Hepatocyte', 'LSEC', 'Neutrophil')"
"('Cholangiocyte', 'Hepatocyte', 'LSEC', 'Stellate')",0.6398,"('Cholangiocyte', 'Hepatocyte', 'LSEC', 'Stellate')"
"('Cholangiocyte', 'Hepatocyte', 'Monocyte', 'Neutrophil')",0.6911,"('Cholangiocyte', 'Hepatocyte', 'Monocyte', 'Neutrophil')"
"('Cholangiocyte', 'Hepatocyte', 'Monocyte', 'Stellate')",0.7465,"('Cholangiocyte', 'Hepatocyte', 'Monocyte', 'Stellate')"
"('Cholangiocyte', 'Hepatocyte', 'Neutrophil', 'Stellate')",0.6037,"('Cholangiocyte', 'Hepatocyte', 'Neutrophil', 'Stellate')"
"('Cholangiocyte', 'Kupffer', 'LSEC', 'Monocyte')",0.6109,"('Cholangiocyte', 'Kupffer', 'LSEC', 'Monocyte')"
"('Cholangiocyte', 'Kupffer', 'LSEC', 'Neutrophil')",0.6406,"('Cholangiocyte', 'Kupffer', 'LSEC', 'Neutrophil')"
"('Cholangiocyte', 'Kupffer', 'LSEC', 'Stellate')",0.708,"('Cholangiocyte', 'Kupffer', 'LSEC', 'Stellate')"
"('Cholangiocyte', 'Kupffer', 'Monocyte', 'Neutrophil')",0.6835,"('Cholangiocyte', 'Kupffer', 'Monocyte', 'Neutrophil')"
"('Cholangiocyte', 'Kupffer', 'Monocyte', 'Stellate')",0.7717,"('Cholangiocyte', 'Kupffer', 'Monocyte', 'Stellate')"
"('Cholangiocyte', 'Kupffer', 'Neutrophil', 'Stellate')",0.715,"('Cholangiocyte', 'Kupffer', 'Neutrophil', 'Stellate')"
"('Cholangiocyte', 'LSEC', 'Monocyte', 'Neutrophil')",0.7548,"('Cholangiocyte', 'LSEC', 'Monocyte', 'Neutrophil')"
"('Cholangiocyte', 'LSEC', 'Monocyte', 'Stellate')",0.71,"('Cholangiocyte', 'LSEC', 'Monocyte', 'Stellate')"
"('Cholangiocyte', 'LSEC', 'Neutrophil', 'Stellate')",0.6334,"('Cholangiocyte', 'LSEC', 'Neutrophil', 'Stellate')"
"('Cholangiocyte', 'Monocyte', 'Neutrophil', 'Stellate')",0.764,"('Cholangiocyte', 'Monocyte', 'Neutrophil', 'Stellate')"
"('Hepatocyte', 'Kupffer', 'LSEC', 'Monocyte')",0.59,"('Hepatocyte', 'Kupffer', 'LSEC', 'Monocyte')"
"('Hepatocyte', 'Kupffer', 'LSEC', 'Neutrophil')",0.7149,"('Hepatocyte', 'Kupffer', 'LSEC', 'Neutrophil')"
"('Hepatocyte', 'Kupffer', 'LSEC', 'Stellate')",0.6561,"('Hepatocyte', 'Kupffer', 'LSEC', 'Stellate')"
"('Hepatocyte', 'Kupffer', 'Monocyte', 'Neutrophil')",0.6812,"('Hepatocyte', 'Kupffer', 'Monocyte', 'Neutrophil')"
"('Hepatocyte', 'Kupffer', 'Monocyte', 'Stellate')",0.7382,"('Hepatocyte', 'Kupffer', 'Monocyte', 'Stellate')"
"('Hepatocyte', 'Kupffer', 'Neutrophil', 'Stellate')",0.6834,"('Hepatocyte', 'Kupffer', 'Neutrophil', 'Stellate')"
"('Hepatocyte', 'LSEC', 'Monocyte', 'Neutrophil')",0.7247,"('Hepatocyte', 'LSEC', 'Monocyte', 'Neutrophil')"
"('Hepatocyte', 'LSEC', 'Monocyte', 'Stellate')",0.6175,"('Hepatocyte', 'LSEC', 'Monocyte', 'Stellate')"
"('Hepatocyte', 'LSEC', 'Neutrophil', 'Stellate')",0.6489,"('Hepatocyte', 'LSEC', 'Neutrophil', 'Stellate')"
"('Hepatocyte', 'Monocyte', 'Neutrophil', 'Stellate')",0.7054,"('Hepatocyte', 'Monocyte', 'Neutrophil', 'Stellate')"
"('Kupffer', 'LSEC', 'Monocyte', 'Neutrophil')",0.6549,"('Kupffer', 'LSEC', 'Monocyte', 'Neutrophil')"
"('Kupffer', 'LSEC', 'Monocyte', 'Stellate')",0.7254,"('Kupffer', 'LSEC', 'Monocyte', 'Stellate')"
"('Kupffer', 'LSEC', 'Neutrophil', 'Stellate')",0.7014,"('Kupffer', 'LSEC', 'Neutrophil', 'Stellate')"
"('Kupffer', 'Monocyte', 'Neutrophil', 'Stellate')",0.7831,"('Kupffer', 'Monocyte', 'Neutrophil', 'Stellate')"
"('LSEC', 'Monocyte', 'Neutrophil', 'Stellate')",0.7429,"('LSEC', 'Monocyte', 'Neutrophil', 'Stellate')"
"('B', 'CD8', 'Cholangiocyte', 'Hepatocyte', 'Kupffer')",0.6992,"('B', 'CD8', 'Cholangiocyte', 'Hepatocyte', 'Kupffer')"
"('B', 'CD8', 'Cholangiocyte', 'Hepatocyte', 'LSEC')",0.5036,"('B', 'CD8', 'Cholangiocyte', 'Hepatocyte', 'LSEC')"
"('B', 'CD8', 'Cholangiocyte', 'Hepatocyte', 'Monocyte')",0.6809,"('B', 'CD8', 'Cholangiocyte', 'Hepatocyte', 'Monocyte')"
"('B', 'CD8', 'Cholangiocyte', 'Hepatocyte', 'Neutrophil')",0.6385,"('B', 'CD8', 'Cholangiocyte', 'Hepatocyte', 'Neutrophil')"
"('B', 'CD8', 'Cholangiocyte', 'Hepatocyte', 'Stellate')",0.7145,"('B', 'CD8', 'Cholangiocyte', 'Hepatocyte', 'Stellate')"
"('B', 'CD8', 'Cholangiocyte', 'Kupffer', 'LSEC')",0.5768,"('B', 'CD8', 'Cholangiocyte', 'Kupffer', 'LSEC')"
"('B', 'CD8', 'Cholangiocyte', 'Kupffer', 'Monocyte')",0.7169,"('B', 'CD8', 'Cholangiocyte', 'Kupffer', 'Monocyte')"
"('B', 'CD8', 'Cholangiocyte', 'Kupffer', 'Neutrophil')",0.6702,"('B', 'CD8', 'Cholangiocyte', 'Kupffer', 'Neutrophil')"
"('B', 'CD8', 'Cholangiocyte', 'Kupffer', 'Stellate')",0.7767,"('B', 'CD8', 'Cholangiocyte', 'Kupffer', 'Stellate')"
"('B', 'CD8', 'Cholangiocyte', 'LSEC', 'Monocyte')",0.7026,"('B', 'CD8', 'Cholangiocyte', 'LSEC', 'Monocyte')"
"('B', 'CD8', 'Cholangiocyte', 'LSEC', 'Neutrophil')",0.7831,"('B', 'CD8', 'Cholangiocyte', 'LSEC', 'Neutrophil')"
"('B', 'CD8', 'Cholangiocyte', 'LSEC', 'Stellate')",0.6552,"('B', 'CD8', 'Cholangiocyte', 'LSEC', 'Stellate')"
"('B', 'CD8', 'Cholangiocyte', 'Monocyte', 'Neutrophil')",0.7299,"('B', 'CD8', 'Cholangiocyte', 'Monocyte', 'Neutrophil')"
"('B', 'CD8', 'Cholangiocyte', 'Monocyte', 'Stellate')",0.812,"('B', 'CD8', 'Cholangiocyte', 'Monocyte', 'Stellate')"
"('B', 'CD8', 'Cholangiocyte', 'Neutrophil', 'Stellate')",0.6831,"('B', 'CD8', 'Cholangiocyte', 'Neutrophil', 'Stellate')"
"('B', 'CD8', 'Hepatocyte', 'Kupffer', 'LSEC')",0.4875,"('B', 'CD8', 'Hepatocyte', 'Kupffer', 'LSEC')"
"('B', 'CD8', 'Hepatocyte', 'Kupffer', 'Monocyte')",0.679,"('B', 'CD8', 'Hepatocyte', 'Kupffer', 'Monocyte')"
"('B', 'CD8', 'Hepatocyte', 'Kupffer', 'Neutrophil')",0.6602,"('B', 'CD8', 'Hepatocyte', 'Kupffer', 'Neutrophil')"
"('B', 'CD8', 'Hepatocyte', 'Kupffer', 'Stellate')",0.7024,"('B', 'CD8', 'Hepatocyte', 'Kupffer', 'Stellate')"
"('B', 'CD8', 'Hepatocyte', 'LSEC', 'Monocyte')",0.477,"('B', 'CD8', 'Hepatocyte', 'LSEC', 'Monocyte')"
"('B', 'CD8', 'Hepatocyte', 'LSEC', 'Neutrophil')",0.7172,"('B', 'CD8', 'Hepatocyte', 'LSEC', 'Neutrophil')"
"('B', 'CD8', 'Hepatocyte', 'LSEC', 'Stellate')",0.4797,"('B', 'CD8', 'Hepatocyte', 'LSEC', 'Stellate')"
"('B', 'CD8', 'Hepatocyte', 'Monocyte', 'Neutrophil')",0.6756,"('B', 'CD8', 'Hepatocyte', 'Monocyte', 'Neutrophil')"
"('B', 'CD8', 'Hepatocyte', 'Monocyte', 'Stellate')",0.7558,"('B', 'CD8', 'Hepatocyte', 'Monocyte', 'Stellate')"
"('B', 'CD8', 'Hepatocyte', 'Neutrophil', 'Stellate')",0.564,"('B', 'CD8', 'Hepatocyte', 'Neutrophil', 'Stellate')"
"('B', 'CD8', 'Kupffer', 'LSEC', 'Monocyte')",0.6254,"('B', 'CD8', 'Kupffer', 'LSEC', 'Monocyte')"
"('B', 'CD8', 'Kupffer', 'LSEC', 'Neutrophil')",0.6528,"('B', 'CD8', 'Kupffer', 'LSEC', 'Neutrophil')"
"('B', 'CD8', 'Kupffer', 'LSEC', 'Stellate')",0.6992,"('B', 'CD8', 'Kupffer', 'LSEC', 'Stellate')"
"('B', 'CD8', 'Kupffer', 'Monocyte', 'Neutrophil')",0.722,"('B', 'CD8', 'Kupffer', 'Monocyte', 'Neutrophil')"
"('B', 'CD8', 'Kupffer', 'Monocyte', 'Stellate')",0.7148,"('B', 'CD8', 'Kupffer', 'Monocyte', 'Stellate')"
"('B', 'CD8', 'Kupffer', 'Neutrophil', 'Stellate')",0.7773,"('B', 'CD8', 'Kupffer', 'Neutrophil', 'Stellate')"
"('B', 'CD8', 'LSEC', 'Monocyte', 'Neutrophil')",0.6737,"('B', 'CD8', 'LSEC', 'Monocyte', 'Neutrophil')"
"('B', 'CD8', 'LSEC', 'Monocyte', 'Stellate')",0.6975,"('B', 'CD8', 'LSEC', 'Monocyte', 'Stellate')"
"('B', 'CD8', 'LSEC', 'Neutrophil', 'Stellate')",0.7261,"('B', 'CD8', 'LSEC', 'Neutrophil', 'Stellate')"
"('B', 'CD8', 'Monocyte', 'Neutrophil', 'Stellate')",0.7604,"('B', 'CD8', 'Monocyte', 'Neutrophil', 'Stellate')"
"('B', 'Cholangiocyte', 'Hepatocyte', 'Kupffer', 'LSEC')",0.57,"('B', 'Cholangiocyte', 'Hepatocyte', 'Kupffer', 'LSEC')"
"('B', 'Cholangiocyte', 'Hepatocyte', 'Kupffer', 'Monocyte')",0.7034,"('B', 'Cholangiocyte', 'Hepatocyte', 'Kupffer', 'Monocyte')"
"('B', 'Cholangiocyte', 'Hepatocyte', 'Kupffer', 'Neutrophil')",0.6974,"('B', 'Cholangiocyte', 'Hepatocyte', 'Kupffer', 'Neutrophil')"
"('B', 'Cholangiocyte', 'Hepatocyte', 'Kupffer', 'Stellate')",0.7482,"('B', 'Cholangiocyte', 'Hepatocyte', 'Kupffer', 'Stellate')"
"('B', 'Cholangiocyte', 'Hepatocyte', 'LSEC', 'Monocyte')",0.619,"('B', 'Cholangiocyte', 'Hepatocyte', 'LSEC', 'Monocyte')"
"('B', 'Cholangiocyte', 'Hepatocyte', 'LSEC', 'Neutrophil')",0.4457,"('B', 'Cholangiocyte', 'Hepatocyte', 'LSEC', 'Neutrophil')"
"('B', 'Cholangiocyte', 'Hepatocyte', 'LSEC', 'Stellate')",0.6343,"('B', 'Cholangiocyte', 'Hepatocyte', 'LSEC', 'Stellate')"
"('B', 'Cholangiocyte', 'Hepatocyte', 'Monocyte', 'Neutrophil')",0.7158,"('B', 'Cholangiocyte', 'Hepatocyte', 'Monocyte', 'Neutrophil')"
"('B', 'Cholangiocyte', 'Hepatocyte', 'Monocyte', 'Stellate')",0.7507,"('B', 'Cholangiocyte', 'Hepatocyte', 'Monocyte', 'Stellate')"
"('B', 'Cholangiocyte', 'Hepatocyte', 'Neutrophil', 'Stellate')",0.6915,"('B', 'Cholangiocyte', 'Hepatocyte', 'Neutrophil', 'Stellate')"
"('B', 'Cholangiocyte', 'Kupffer', 'LSEC', 'Monocyte')",0.5947,"('B', 'Cholangiocyte', 'Kupffer', 'LSEC', 'Monocyte')"
"('B', 'Cholangiocyte', 'Kupffer', 'LSEC', 'Neutrophil')",0.6239,"('B', 'Cholangiocyte', 'Kupffer', 'LSEC', 'Neutrophil')"
"('B', 'Cholangiocyte', 'Kupffer', 'LSEC', 'Stellate')",0.7,"('B', 'Cholangiocyte', 'Kupffer', 'LSEC', 'Stellate')"
"('B', 'Cholangiocyte', 'Kupffer', 'Monocyte', 'Neutrophil')",0.6856,"('B', 'Cholangiocyte', 'Kupffer', 'Monocyte', 'Neutrophil')"
"('B', 'Cholangiocyte', 'Kupffer', 'Monocyte', 'Stellate')",0.7686,"('B', 'Cholangiocyte', 'Kupffer', 'Monocyte', 'Stellate')"
"('B', 'Cholangiocyte', 'Kupffer', 'Neutrophil', 'Stellate')",0.7218,"('B', 'Cholangiocyte', 'Kupffer', 'Neutrophil', 'Stellate')"
"('B', 'Cholangiocyte', 'LSEC', 'Monocyte', 'Neutrophil')",0.7393,"('B', 'Cholangiocyte', 'LSEC', 'Monocyte', 'Neutrophil')"
"('B', 'Cholangiocyte', 'LSEC', 'Monocyte', 'Stellate')",0.6885,"('B', 'Cholangiocyte', 'LSEC', 'Monocyte', 'Stellate')"
"('B', 'Cholangiocyte', 'LSEC', 'Neutrophil', 'Stellate')",0.6387,"('B', 'Cholangiocyte', 'LSEC', 'Neutrophil', 'Stellate')"
"('B', 'Cholangiocyte', 'Monocyte', 'Neutrophil', 'Stellate')",0.7672,"('B', 'Cholangiocyte', 'Monocyte', 'Neutrophil', 'Stellate')"
"('B', 'Hepatocyte', 'Kupffer', 'LSEC', 'Monocyte')",0.5908,"('B', 'Hepatocyte', 'Kupffer', 'LSEC', 'Monocyte')"
"('B', 'Hepatocyte', 'Kupffer', 'LSEC', 'Neutrophil')",0.7492,"('B', 'Hepatocyte', 'Kupffer', 'LSEC', 'Neutrophil')"
"('B', 'Hepatocyte', 'Kupffer', 'LSEC', 'Stellate')",0.6581,"('B', 'Hepatocyte', 'Kupffer', 'LSEC', 'Stellate')"
"('B', 'Hepatocyte', 'Kupffer', 'Monocyte', 'Neutrophil')",0.6957,"('B', 'Hepatocyte', 'Kupffer', 'Monocyte', 'Neutrophil')"
"('B', 'Hepatocyte', 'Kupffer', 'Monocyte', 'Stellate')",0.728,"('B', 'Hepatocyte', 'Kupffer', 'Monocyte', 'Stellate')"
"('B', 'Hepatocyte', 'Kupffer', 'Neutrophil', 'Stellate')",0.6666,"('B', 'Hepatocyte', 'Kupffer', 'Neutrophil', 'Stellate')"
"('B', 'Hepatocyte', 'LSEC', 'Monocyte', 'Neutrophil')",0.7506,"('B', 'Hepatocyte', 'LSEC', 'Monocyte', 'Neutrophil')"
"('B', 'Hepatocyte', 'LSEC', 'Monocyte', 'Stellate')",0.5702,"('B', 'Hepatocyte', 'LSEC', 'Monocyte', 'Stellate')"
"('B', 'Hepatocyte', 'LSEC', 'Neutrophil', 'Stellate')",0.7309,"('B', 'Hepatocyte', 'LSEC', 'Neutrophil', 'Stellate')"
"('B', 'Hepatocyte', 'Monocyte', 'Neutrophil', 'Stellate')",0.6465,"('B', 'Hepatocyte', 'Monocyte', 'Neutrophil', 'Stellate')"
"('B', 'Kupffer', 'LSEC', 'Monocyte', 'Neutrophil')",0.6619,"('B', 'Kupffer', 'LSEC', 'Monocyte', 'Neutrophil')"
"('B', 'Kupffer', 'LSEC', 'Monocyte', 'Stellate')",0.7266,"('B', 'Kupffer', 'LSEC', 'Monocyte', 'Stellate')"
"('B', 'Kupffer', 'LSEC', 'Neutrophil', 'Stellate')",0.7098,"('B', 'Kupffer', 'LSEC', 'Neutrophil', 'Stellate')"
"('B', 'Kupffer', 'Monocyte', 'Neutrophil', 'Stellate')",0.7728,"('B', 'Kupffer', 'Monocyte', 'Neutrophil', 'Stellate')"
"('B', 'LSEC', 'Monocyte', 'Neutrophil', 'Stellate')",0.7401,"('B', 'LSEC', 'Monocyte', 'Neutrophil', 'Stellate')"
"('CD8', 'Cholangiocyte', 'Hepatocyte', 'Kupffer', 'LSEC')",0.579,"('CD8', 'Cholangiocyte', 'Hepatocyte', 'Kupffer', 'LSEC')"
"('CD8', 'Cholangiocyte', 'Hepatocyte', 'Kupffer', 'Monocyte')",0.6885,"('CD8', 'Cholangiocyte', 'Hepatocyte', 'Kupffer', 'Monocyte')"
"('CD8', 'Cholangiocyte', 'Hepatocyte', 'Kupffer', 'Neutrophil')",0.7013,"('CD8', 'Cholangiocyte', 'Hepatocyte', 'Kupffer', 'Neutrophil')"
"('CD8', 'Cholangiocyte', 'Hepatocyte', 'Kupffer', 'Stellate')",0.7372,"('CD8', 'Cholangiocyte', 'Hepatocyte', 'Kupffer', 'Stellate')"
"('CD8', 'Cholangiocyte', 'Hepatocyte', 'LSEC', 'Monocyte')",0.5838,"('CD8', 'Cholangiocyte', 'Hepatocyte', 'LSEC', 'Monocyte')"
"('CD8', 'Cholangiocyte', 'Hepatocyte', 'LSEC', 'Neutrophil')",0.4925,"('CD8', 'Cholangiocyte', 'Hepatocyte', 'LSEC', 'Neutrophil')"
"('CD8', 'Cholangiocyte', 'Hepatocyte', 'LSEC', 'Stellate')",0.621,"('CD8', 'Cholangiocyte', 'Hepatocyte', 'LSEC', 'Stellate')"
"('CD8', 'Cholangiocyte', 'Hepatocyte', 'Monocyte', 'Neutrophil')",0.7283,"('CD8', 'Cholangiocyte', 'Hepatocyte', 'Monocyte', 'Neutrophil')"
"('CD8', 'Cholangiocyte', 'Hepatocyte', 'Monocyte', 'Stellate')",0.7317,"('CD8', 'Cholangiocyte', 'Hepatocyte', 'Monocyte', 'Stellate')"
"('CD8', 'Cholangiocyte', 'Hepatocyte', 'Neutrophil', 'Stellate')",0.5441,"('CD8', 'Cholangiocyte', 'Hepatocyte', 'Neutrophil', 'Stellate')"
"('CD8', 'Cholangiocyte', 'Kupffer', 'LSEC', 'Monocyte')",0.5806,"('CD8', 'Cholangiocyte', 'Kupffer', 'LSEC', 'Monocyte')"
"('CD8', 'Cholangiocyte', 'Kupffer', 'LSEC', 'Neutrophil')",0.6983,"('CD8', 'Cholangiocyte', 'Kupffer', 'LSEC', 'Neutrophil')"
"('CD8', 'Cholangiocyte', 'Kupffer', 'LSEC', 'Stellate')",0.6689,"('CD8', 'Cholangiocyte', 'Kupffer', 'LSEC', 'Stellate')"
"('CD8', 'Cholangiocyte', 'Kupffer', 'Monocyte', 'Neutrophil')",0.6689,"('CD8', 'Cholangiocyte', 'Kupffer', 'Monocyte', 'Neutrophil')"
"('CD8', 'Cholangiocyte', 'Kupffer', 'Monocyte', 'Stellate')",0.7737,"('CD8', 'Cholangiocyte', 'Kupffer', 'Monocyte', 'Stellate')"
"('CD8', 'Cholangiocyte', 'Kupffer', 'Neutrophil', 'Stellate')",0.7419,"('CD8', 'Cholangiocyte', 'Kupffer', 'Neutrophil', 'Stellate')"
"('CD8', 'Cholangiocyte', 'LSEC', 'Monocyte', 'Neutrophil')",0.7729,"('CD8', 'Cholangiocyte', 'LSEC', 'Monocyte', 'Neutrophil')"
"('CD8', 'Cholangiocyte', 'LSEC', 'Monocyte', 'Stellate')",0.6799,"('CD8', 'Cholangiocyte', 'LSEC', 'Monocyte', 'Stellate')"
"('CD8', 'Cholangiocyte', 'LSEC', 'Neutrophil', 'Stellate')",0.5947,"('CD8', 'Cholangiocyte', 'LSEC', 'Neutrophil', 'Stellate')"
"('CD8', 'Cholangiocyte', 'Monocyte', 'Neutrophil', 'Stellate')",0.7687,"('CD8', 'Cholangiocyte', 'Monocyte', 'Neutrophil', 'Stellate')"
"('CD8', 'Hepatocyte', 'Kupffer', 'LSEC', 'Monocyte')",0.5175,"('CD8', 'Hepatocyte', 'Kupffer', 'LSEC', 'Monocyte')"
"('CD8', 'Hepatocyte', 'Kupffer', 'LSEC', 'Neutrophil')",0.7139,"('CD8', 'Hepatocyte', 'Kupffer', 'LSEC', 'Neutrophil')"
"('CD8', 'Hepatocyte', 'Kupffer', 'LSEC', 'Stellate')",0.4843,"('CD8', 'Hepatocyte', 'Kupffer', 'LSEC', 'Stellate')"
"('CD8', 'Hepatocyte', 'Kupffer', 'Monocyte', 'Neutrophil')",0.6583,"('CD8', 'Hepatocyte', 'Kupffer', 'Monocyte', 'Neutrophil')"
"('CD8', 'Hepatocyte', 'Kupffer', 'Monocyte', 'Stellate')",0.7462,"('CD8', 'Hepatocyte', 'Kupffer', 'Monocyte', 'Stellate')"
"('CD8', 'Hepatocyte', 'Kupffer', 'Neutrophil', 'Stellate')",0.6988,"('CD8', 'Hepatocyte', 'Kupffer', 'Neutrophil', 'Stellate')"
"('CD8', 'Hepatocyte', 'LSEC', 'Monocyte', 'Neutrophil')",0.7157,"('CD8', 'Hepatocyte', 'LSEC', 'Monocyte', 'Neutrophil')"
"('CD8', 'Hepatocyte', 'LSEC', 'Monocyte', 'Stellate')",0.5592,"('CD8', 'Hepatocyte', 'LSEC', 'Monocyte', 'Stellate')"
"('CD8', 'Hepatocyte', 'LSEC', 'Neutrophil', 'Stellate')",0.5622,"('CD8', 'Hepatocyte', 'LSEC', 'Neutrophil', 'Stellate')"
"('CD8', 'Hepatocyte', 'Monocyte', 'Neutrophil', 'Stellate')",0.6936,"('CD8', 'Hepatocyte', 'Monocyte', 'Neutrophil', 'Stellate')"
"('CD8', 'Kupffer', 'LSEC', 'Monocyte', 'Neutrophil')",0.6437,"('CD8', 'Kupffer', 'LSEC', 'Monocyte', 'Neutrophil')"
"('CD8', 'Kupffer', 'LSEC', 'Monocyte', 'Stellate')",0.71,"('CD8', 'Kupffer', 'LSEC', 'Monocyte', 'Stellate')"
"('CD8', 'Kupffer', 'LSEC', 'Neutrophil', 'Stellate')",0.6979,"('CD8', 'Kupffer', 'LSEC', 'Neutrophil', 'Stellate')"
"('CD8', 'Kupffer', 'Monocyte', 'Neutrophil', 'Stellate')",0.7789,"('CD8', 'Kupffer', 'Monocyte', 'Neutrophil', 'Stellate')"
"('CD8', 'LSEC', 'Monocyte', 'Neutrophil', 'Stellate')",0.734,"('CD8', 'LSEC', 'Monocyte', 'Neutrophil', 'Stellate')"
"('Cholangiocyte', 'Hepatocyte', 'Kupffer', 'LSEC', 'Monocyte')",0.6169,"('Cholangiocyte', 'Hepatocyte', 'Kupffer', 'LSEC', 'Monocyte')"
"('Cholangiocyte', 'Hepatocyte', 'Kupffer', 'LSEC', 'Neutrophil')",0.5612,"('Cholangiocyte', 'Hepatocyte', 'Kupffer', 'LSEC', 'Neutrophil')"
"('Cholangiocyte', 'Hepatocyte', 'Kupffer', 'LSEC', 'Stellate')",0.6457,"('Cholangiocyte', 'Hepatocyte', 'Kupffer', 'LSEC', 'Stellate')"
"('Cholangiocyte', 'Hepatocyte', 'Kupffer', 'Monocyte', 'Neutrophil')",0.7105,"('Cholangiocyte', 'Hepatocyte', 'Kupffer', 'Monocyte', 'Neutrophil')"
"('Cholangiocyte', 'Hepatocyte', 'Kupffer', 'Monocyte', 'Stellate')",0.7372,"('Cholangiocyte', 'Hepatocyte', 'Kupffer', 'Monocyte', 'Stellate')"
"('Cholangiocyte', 'Hepatocyte', 'Kupffer', 'Neutrophil', 'Stellate')",0.7073,"('Cholangiocyte', 'Hepatocyte', 'Kupffer', 'Neutrophil', 'Stellate')"
"('Cholangiocyte', 'Hepatocyte', 'LSEC', 'Monocyte', 'Neutrophil')",0.5737,"('Cholangiocyte', 'Hepatocyte', 'LSEC', 'Monocyte', 'Neutrophil')"
"('Cholangiocyte', 'Hepatocyte', 'LSEC', 'Monocyte', 'Stellate')",0.6544,"('Cholangiocyte', 'Hepatocyte', 'LSEC', 'Monocyte', 'Stellate')"
"('Cholangiocyte', 'Hepatocyte', 'LSEC', 'Neutrophil', 'Stellate')",0.5751,"('Cholangiocyte', 'Hepatocyte', 'LSEC', 'Neutrophil', 'Stellate')"
"('Cholangiocyte', 'Hepatocyte', 'Monocyte', 'Neutrophil', 'Stellate')",0.7198,"('Cholangiocyte', 'Hepatocyte', 'Monocyte', 'Neutrophil', 'Stellate')"
"('Cholangiocyte', 'Kupffer', 'LSEC', 'Monocyte', 'Neutrophil')",0.6261,"('Cholangiocyte', 'Kupffer', 'LSEC', 'Monocyte', 'Neutrophil')"
"('Cholangiocyte', 'Kupffer', 'LSEC', 'Monocyte', 'Stellate')",0.6901,"('Cholangiocyte', 'Kupffer', 'LSEC', 'Monocyte', 'Stellate')"
"('Cholangiocyte', 'Kupffer', 'LSEC', 'Neutrophil', 'Stellate')",0.6299,"('Cholangiocyte', 'Kupffer', 'LSEC', 'Neutrophil', 'Stellate')"
"('Cholangiocyte', 'Kupffer', 'Monocyte', 'Neutrophil', 'Stellate')",0.7332,"('Cholangiocyte', 'Kupffer', 'Monocyte', 'Neutrophil', 'Stellate')"
"('Cholangiocyte', 'LSEC', 'Monocyte', 'Neutrophil', 'Stellate')",0.6537,"('Cholangiocyte', 'LSEC', 'Monocyte', 'Neutrophil', 'Stellate')"
"('Hepatocyte', 'Kupffer', 'LSEC', 'Monocyte', 'Neutrophil')",0.7034,"('Hepatocyte', 'Kupffer', 'LSEC', 'Monocyte', 'Neutrophil')"
"('Hepatocyte', 'Kupffer', 'LSEC', 'Monocyte', 'Stellate')",0.6574,"('Hepatocyte', 'Kupffer', 'LSEC', 'Monocyte', 'Stellate')"
"('Hepatocyte', 'Kupffer', 'LSEC', 'Neutrophil', 'Stellate')",0.651,"('Hepatocyte', 'Kupffer', 'LSEC', 'Neutrophil', 'Stellate')"
"('Hepatocyte', 'Kupffer', 'Monocyte', 'Neutrophil', 'Stellate')",0.7004,"('Hepatocyte', 'Kupffer', 'Monocyte', 'Neutrophil', 'Stellate')"
"('Hepatocyte', 'LSEC', 'Monocyte', 'Neutrophil', 'Stellate')",0.6318,"('Hepatocyte', 'LSEC', 'Monocyte', 'Neutrophil', 'Stellate')"
"('Kupffer', 'LSEC', 'Monocyte', 'Neutrophil', 'Stellate')",0.7123,"('Kupffer', 'LSEC', 'Monocyte', 'Neutrophil', 'Stellate')"
"('B', 'CD8', 'Cholangiocyte', 'Hepatocyte', 'Kupffer', 'LSEC')",0.57,"('B', 'CD8', 'Cholangiocyte', 'Hepatocyte', 'Kupffer', 'LSEC')"
"('B', 'CD8', 'Cholangiocyte', 'Hepatocyte', 'Kupffer', 'Monocyte')",0.7033,"('B', 'CD8', 'Cholangiocyte', 'Hepatocyte', 'Kupffer', 'Monocyte')"
"('B', 'CD8', 'Cholangiocyte', 'Hepatocyte', 'Kupffer', 'Neutrophil')",0.7193,"('B', 'CD8', 'Cholangiocyte', 'Hepatocyte', 'Kupffer', 'Neutrophil')"
"('B', 'CD8', 'Cholangiocyte', 'Hepatocyte', 'Kupffer', 'Stellate')",0.7418,"('B', 'CD8', 'Cholangiocyte', 'Hepatocyte', 'Kupffer', 'Stellate')"
"('B', 'CD8', 'Cholangiocyte', 'Hepatocyte', 'LSEC', 'Monocyte')",0.6158,"('B', 'CD8', 'Cholangiocyte', 'Hepatocyte', 'LSEC', 'Monocyte')"
"('B', 'CD8', 'Cholangiocyte', 'Hepatocyte', 'LSEC', 'Neutrophil')",0.4426,"('B', 'CD8', 'Cholangiocyte', 'Hepatocyte', 'LSEC', 'Neutrophil')"
"('B', 'CD8', 'Cholangiocyte', 'Hepatocyte', 'LSEC', 'Stellate')",0.6057,"('B', 'CD8', 'Cholangiocyte', 'Hepatocyte', 'LSEC', 'Stellate')"
"('B', 'CD8', 'Cholangiocyte', 'Hepatocyte', 'Monocyte', 'Neutrophil')",0.7511,"('B', 'CD8', 'Cholangiocyte', 'Hepatocyte', 'Monocyte', 'Neutrophil')"
"('B', 'CD8', 'Cholangiocyte', 'Hepatocyte', 'Monocyte', 'Stellate')",0.754,"('B', 'CD8', 'Cholangiocyte', 'Hepatocyte', 'Monocyte', 'Stellate')"
"('B', 'CD8', 'Cholangiocyte', 'Hepatocyte', 'Neutrophil', 'Stellate')",0.6543,"('B', 'CD8', 'Cholangiocyte', 'Hepatocyte', 'Neutrophil', 'Stellate')"
"('B', 'CD8', 'Cholangiocyte', 'Kupffer', 'LSEC', 'Monocyte')",0.5849,"('B', 'CD8', 'Cholangiocyte', 'Kupffer', 'LSEC', 'Monocyte')"
"('B', 'CD8', 'Cholangiocyte', 'Kupffer', 'LSEC', 'Neutrophil')",0.6503,"('B', 'CD8', 'Cholangiocyte', 'Kupffer', 'LSEC', 'Neutrophil')"
"('B', 'CD8', 'Cholangiocyte', 'Kupffer', 'LSEC', 'Stellate')",0.6614,"('B', 'CD8', 'Cholangiocyte', 'Kupffer', 'LSEC', 'Stellate')"
"('B', 'CD8', 'Cholangiocyte', 'Kupffer', 'Monocyte', 'Neutrophil')",0.6877,"('B', 'CD8', 'Cholangiocyte', 'Kupffer', 'Monocyte', 'Neutrophil')"
"('B', 'CD8', 'Cholangiocyte', 'Kupffer', 'Monocyte', 'Stellate')",0.7823,"('B', 'CD8', 'Cholangiocyte', 'Kupffer', 'Monocyte', 'Stellate')"
"('B', 'CD8', 'Cholangiocyte', 'Kupffer', 'Neutrophil', 'Stellate')",0.7285,"('B', 'CD8', 'Cholangiocyte', 'Kupffer', 'Neutrophil', 'Stellate')"
"('B', 'CD8', 'Cholangiocyte', 'LSEC', 'Monocyte', 'Neutrophil')",0.7499,"('B', 'CD8', 'Cholangiocyte', 'LSEC', 'Monocyte', 'Neutrophil')"
"('B', 'CD8', 'Cholangiocyte', 'LSEC', 'Monocyte', 'Stellate')",0.6253,"('B', 'CD8', 'Cholangiocyte', 'LSEC', 'Monocyte', 'Stellate')"
"('B', 'CD8', 'Cholangiocyte', 'LSEC', 'Neutrophil', 'Stellate')",0.7457,"('B', 'CD8', 'Cholangiocyte', 'LSEC', 'Neutrophil', 'Stellate')"
"('B', 'CD8', 'Cholangiocyte', 'Monocyte', 'Neutrophil', 'Stellate')",0.7661,"('B', 'CD8', 'Cholangiocyte', 'Monocyte', 'Neutrophil', 'Stellate')"
"('B', 'CD8', 'Hepatocyte', 'Kupffer', 'LSEC', 'Monocyte')",0.5075,"('B', 'CD8', 'Hepatocyte', 'Kupffer', 'LSEC', 'Monocyte')"
"('B', 'CD8', 'Hepatocyte', 'Kupffer', 'LSEC', 'Neutrophil')",0.7237,"('B', 'CD8', 'Hepatocyte', 'Kupffer', 'LSEC', 'Neutrophil')"
"('B', 'CD8', 'Hepatocyte', 'Kupffer', 'LSEC', 'Stellate')",0.4498,"('B', 'CD8', 'Hepatocyte', 'Kupffer', 'LSEC', 'Stellate')"
"('B', 'CD8', 'Hepatocyte', 'Kupffer', 'Monocyte', 'Neutrophil')",0.6663,"('B', 'CD8', 'Hepatocyte', 'Kupffer', 'Monocyte', 'Neutrophil')"
"('B', 'CD8', 'Hepatocyte', 'Kupffer', 'Monocyte', 'Stellate')",0.7405,"('B', 'CD8', 'Hepatocyte', 'Kupffer', 'Monocyte', 'Stellate')"
"('B', 'CD8', 'Hepatocyte', 'Kupffer', 'Neutrophil', 'Stellate')",0.6393,"('B', 'CD8', 'Hepatocyte', 'Kupffer', 'Neutrophil', 'Stellate')"
"('B', 'CD8', 'Hepatocyte', 'LSEC', 'Monocyte', 'Neutrophil')",0.7304,"('B', 'CD8', 'Hepatocyte', 'LSEC', 'Monocyte', 'Neutrophil')"
"('B', 'CD8', 'Hepatocyte', 'LSEC', 'Monocyte', 'Stellate')",0.4647,"('B', 'CD8', 'Hepatocyte', 'LSEC', 'Monocyte', 'Stellate')"
"('B', 'CD8', 'Hepatocyte', 'LSEC', 'Neutrophil', 'Stellate')",0.6464,"('B', 'CD8', 'Hepatocyte', 'LSEC', 'Neutrophil', 'Stellate')"
"('B', 'CD8', 'Hepatocyte', 'Monocyte', 'Neutrophil', 'Stellate')",0.6127,"('B', 'CD8', 'Hepatocyte', 'Monocyte', 'Neutrophil', 'Stellate')"
"('B', 'CD8', 'Kupffer', 'LSEC', 'Monocyte', 'Neutrophil')",0.6372,"('B', 'CD8', 'Kupffer', 'LSEC', 'Monocyte', 'Neutrophil')"
"('B', 'CD8', 'Kupffer', 'LSEC', 'Monocyte', 'Stellate')",0.6969,"('B', 'CD8', 'Kupffer', 'LSEC', 'Monocyte', 'Stellate')"
"('B', 'CD8', 'Kupffer', 'LSEC', 'Neutrophil', 'Stellate')",0.6766,"('B', 'CD8', 'Kupffer', 'LSEC', 'Neutrophil', 'Stellate')"
"('B', 'CD8', 'Kupffer', 'Monocyte', 'Neutrophil', 'Stellate')",0.7402,"('B', 'CD8', 'Kupffer', 'Monocyte', 'Neutrophil', 'Stellate')"
"('B', 'CD8', 'LSEC', 'Monocyte', 'Neutrophil', 'Stellate')",0.7135,"('B', 'CD8', 'LSEC', 'Monocyte', 'Neutrophil', 'Stellate')"
"('B', 'Cholangiocyte', 'Hepatocyte', 'Kupffer', 'LSEC', 'Monocyte')",0.6284,"('B', 'Cholangiocyte', 'Hepatocyte', 'Kupffer', 'LSEC', 'Monocyte')"
"('B', 'Cholangiocyte', 'Hepatocyte', 'Kupffer', 'LSEC', 'Neutrophil')",0.5398,"('B', 'Cholangiocyte', 'Hepatocyte', 'Kupffer', 'LSEC', 'Neutrophil')"
"('B', 'Cholangiocyte', 'Hepatocyte', 'Kupffer', 'LSEC', 'Stellate')",0.656,"('B', 'Cholangiocyte', 'Hepatocyte', 'Kupffer', 'LSEC', 'Stellate')"
"('B', 'Cholangiocyte', 'Hepatocyte', 'Kupffer', 'Monocyte', 'Neutrophil')",0.7294,"('B', 'Cholangiocyte', 'Hepatocyte', 'Kupffer', 'Monocyte', 'Neutrophil')"
"('B', 'Cholangiocyte', 'Hepatocyte', 'Kupffer', 'Monocyte', 'Stellate')",0.7453,"('B', 'Cholangiocyte', 'Hepatocyte', 'Kupffer', 'Monocyte', 'Stellate')"
"('B', 'Cholangiocyte', 'Hepatocyte', 'Kupffer', 'Neutrophil', 'Stellate')",0.7252,"('B', 'Cholangiocyte', 'Hepatocyte', 'Kupffer', 'Neutrophil', 'Stellate')"
"('B', 'Cholangiocyte', 'Hepatocyte', 'LSEC', 'Monocyte', 'Neutrophil')",0.5735,"('B', 'Cholangiocyte', 'Hepatocyte', 'LSEC', 'Monocyte', 'Neutrophil')"
"('B', 'Cholangiocyte', 'Hepatocyte', 'LSEC', 'Monocyte', 'Stellate')",0.6844,"('B', 'Cholangiocyte', 'Hepatocyte', 'LSEC', 'Monocyte', 'Stellate')"
"('B', 'Cholangiocyte', 'Hepatocyte', 'LSEC', 'Neutrophil', 'Stellate')",0.582,"('B', 'Cholangiocyte', 'Hepatocyte', 'LSEC', 'Neutrophil', 'Stellate')"
"('B', 'Cholangiocyte', 'Hepatocyte', 'Monocyte', 'Neutrophil', 'Stellate')",0.7399,"('B', 'Cholangiocyte', 'Hepatocyte', 'Monocyte', 'Neutrophil', 'Stellate')"
"('B', 'Cholangiocyte', 'Kupffer', 'LSEC', 'Monocyte', 'Neutrophil')",0.6132,"('B', 'Cholangiocyte', 'Kupffer', 'LSEC', 'Monocyte', 'Neutrophil')"
"('B', 'Cholangiocyte', 'Kupffer', 'LSEC', 'Monocyte', 'Stellate')",0.6729,"('B', 'Cholangiocyte', 'Kupffer', 'LSEC', 'Monocyte', 'Stellate')"
"('B', 'Cholangiocyte', 'Kupffer', 'LSEC', 'Neutrophil', 'Stellate')",0.6128,"('B', 'Cholangiocyte', 'Kupffer', 'LSEC', 'Neutrophil', 'Stellate')"
"('B', 'Cholangiocyte', 'Kupffer', 'Monocyte', 'Neutrophil', 'Stellate')",0.7225,"('B', 'Cholangiocyte', 'Kupffer', 'Monocyte', 'Neutrophil', 'Stellate')"
"('B', 'Cholangiocyte', 'LSEC', 'Monocyte', 'Neutrophil', 'Stellate')",0.6386,"('B', 'Cholangiocyte', 'LSEC', 'Monocyte', 'Neutrophil', 'Stellate')"
"('B', 'Hepatocyte', 'Kupffer', 'LSEC', 'Monocyte', 'Neutrophil')",0.7136,"('B', 'Hepatocyte', 'Kupffer', 'LSEC', 'Monocyte', 'Neutrophil')"
"('B', 'Hepatocyte', 'Kupffer', 'LSEC', 'Monocyte', 'Stellate')",0.6164,"('B', 'Hepatocyte', 'Kupffer', 'LSEC', 'Monocyte', 'Stellate')"
"('B', 'Hepatocyte', 'Kupffer', 'LSEC', 'Neutrophil', 'Stellate')",0.6612,"('B', 'Hepatocyte', 'Kupffer', 'LSEC', 'Neutrophil', 'Stellate')"
"('B', 'Hepatocyte', 'Kupffer', 'Monocyte', 'Neutrophil', 'Stellate')",0.6701,"('B', 'Hepatocyte', 'Kupffer', 'Monocyte', 'Neutrophil', 'Stellate')"
"('B', 'Hepatocyte', 'LSEC', 'Monocyte', 'Neutrophil', 'Stellate')",0.6755,"('B', 'Hepatocyte', 'LSEC', 'Monocyte', 'Neutrophil', 'Stellate')"
"('B', 'Kupffer', 'LSEC', 'Monocyte', 'Neutrophil', 'Stellate')",0.714,"('B', 'Kupffer', 'LSEC', 'Monocyte', 'Neutrophil', 'Stellate')"
"('CD8', 'Cholangiocyte', 'Hepatocyte', 'Kupffer', 'LSEC', 'Monocyte')",0.6196,"('CD8', 'Cholangiocyte', 'Hepatocyte', 'Kupffer', 'LSEC', 'Monocyte')"
"('CD8', 'Cholangiocyte', 'Hepatocyte', 'Kupffer', 'LSEC', 'Neutrophil')",0.5846,"('CD8', 'Cholangiocyte', 'Hepatocyte', 'Kupffer', 'LSEC', 'Neutrophil')"
"('CD8', 'Cholangiocyte', 'Hepatocyte', 'Kupffer', 'LSEC', 'Stellate')",0.6463,"('CD8', 'Cholangiocyte', 'Hepatocyte', 'Kupffer', 'LSEC', 'Stellate')"
"('CD8', 'Cholangiocyte', 'Hepatocyte', 'Kupffer', 'Monocyte', 'Neutrophil')",0.7422,"('CD8', 'Cholangiocyte', 'Hepatocyte', 'Kupffer', 'Monocyte', 'Neutrophil')"
"('CD8', 'Cholangiocyte', 'Hepatocyte', 'Kupffer', 'Monocyte', 'Stellate')",0.7493,"('CD8', 'Cholangiocyte', 'Hepatocyte', 'Kupffer', 'Monocyte', 'Stellate')"
"('CD8', 'Cholangiocyte', 'Hepatocyte', 'Kupffer', 'Neutrophil', 'Stellate')",0.7386,"('CD8', 'Cholangiocyte', 'Hepatocyte', 'Kupffer', 'Neutrophil', 'Stellate')"
"('CD8', 'Cholangiocyte', 'Hepatocyte', 'LSEC', 'Monocyte', 'Neutrophil')",0.6042,"('CD8', 'Cholangiocyte', 'Hepatocyte', 'LSEC', 'Monocyte', 'Neutrophil')"
"('CD8', 'Cholangiocyte', 'Hepatocyte', 'LSEC', 'Monocyte', 'Stellate')",0.6674,"('CD8', 'Cholangiocyte', 'Hepatocyte', 'LSEC', 'Monocyte', 'Stellate')"
"('CD8', 'Cholangiocyte', 'Hepatocyte', 'LSEC', 'Neutrophil', 'Stellate')",0.5674,"('CD8', 'Cholangiocyte', 'Hepatocyte', 'LSEC', 'Neutrophil', 'Stellate')"
"('CD8', 'Cholangiocyte', 'Hepatocyte', 'Monocyte', 'Neutrophil', 'Stellate')",0.7279,"('CD8', 'Cholangiocyte', 'Hepatocyte', 'Monocyte', 'Neutrophil', 'Stellate')"
"('CD8', 'Cholangiocyte', 'Kupffer', 'LSEC', 'Monocyte', 'Neutrophil')",0.6665,"('CD8', 'Cholangiocyte', 'Kupffer', 'LSEC', 'Monocyte', 'Neutrophil')"
"('CD8', 'Cholangiocyte', 'Kupffer', 'LSEC', 'Monocyte', 'Stellate')",0.7132,"('CD8', 'Cholangiocyte', 'Kupffer', 'LSEC', 'Monocyte', 'Stellate')"
"('CD8', 'Cholangiocyte', 'Kupffer', 'LSEC', 'Neutrophil', 'Stellate')",0.6054,"('CD8', 'Cholangiocyte', 'Kupffer', 'LSEC', 'Neutrophil', 'Stellate')"
"('CD8', 'Cholangiocyte', 'Kupffer', 'Monocyte', 'Neutrophil', 'Stellate')",0.7684,"('CD8', 'Cholangiocyte', 'Kupffer', 'Monocyte', 'Neutrophil', 'Stellate')"
"('CD8', 'Cholangiocyte', 'LSEC', 'Monocyte', 'Neutrophil', 'Stellate')",0.635,"('CD8', 'Cholangiocyte', 'LSEC', 'Monocyte', 'Neutrophil', 'Stellate')"
"('CD8', 'Hepatocyte', 'Kupffer', 'LSEC', 'Monocyte', 'Neutrophil')",0.6988,"('CD8', 'Hepatocyte', 'Kupffer', 'LSEC', 'Monocyte', 'Neutrophil')"
"('CD8', 'Hepatocyte', 'Kupffer', 'LSEC', 'Monocyte', 'Stellate')",0.5972,"('CD8', 'Hepatocyte', 'Kupffer', 'LSEC', 'Monocyte', 'Stellate')"
"('CD8', 'Hepatocyte', 'Kupffer', 'LSEC', 'Neutrophil', 'Stellate')",0.6037,"('CD8', 'Hepatocyte', 'Kupffer', 'LSEC', 'Neutrophil', 'Stellate')"
"('CD8', 'Hepatocyte', 'Kupffer', 'Monocyte', 'Neutrophil', 'Stellate')",0.7052,"('CD8', 'Hepatocyte', 'Kupffer', 'Monocyte', 'Neutrophil', 'Stellate')"
"('CD8', 'Hepatocyte', 'LSEC', 'Monocyte', 'Neutrophil', 'Stellate')",0.5792,"('CD8', 'Hepatocyte', 'LSEC', 'Monocyte', 'Neutrophil', 'Stellate')"
"('CD8', 'Kupffer', 'LSEC', 'Monocyte', 'Neutrophil', 'Stellate')",0.674,"('CD8', 'Kupffer', 'LSEC', 'Monocyte', 'Neutrophil', 'Stellate')"
"('Cholangiocyte', 'Hepatocyte', 'Kupffer', 'LSEC', 'Monocyte', 'Neutrophil')",0.6082,"('Cholangiocyte', 'Hepatocyte', 'Kupffer', 'LSEC', 'Monocyte', 'Neutrophil')"
"('Cholangiocyte', 'Hepatocyte', 'Kupffer', 'LSEC', 'Monocyte', 'Stellate')",0.6768,"('Cholangiocyte', 'Hepatocyte', 'Kupffer', 'LSEC', 'Monocyte', 'Stellate')"
"('Cholangiocyte', 'Hepatocyte', 'Kupffer', 'LSEC', 'Neutrophil', 'Stellate')",0.6241,"('Cholangiocyte', 'Hepatocyte', 'Kupffer', 'LSEC', 'Neutrophil', 'Stellate')"
"('Cholangiocyte', 'Hepatocyte', 'Kupffer', 'Monocyte', 'Neutrophil', 'Stellate')",0.7371,"('Cholangiocyte', 'Hepatocyte', 'Kupffer', 'Monocyte', 'Neutrophil', 'Stellate')"
"('Cholangiocyte', 'Hepatocyte', 'LSEC', 'Monocyte', 'Neutrophil', 'Stellate')",0.6336,"('Cholangiocyte', 'Hepatocyte', 'LSEC', 'Monocyte', 'Neutrophil', 'Stellate')"
"('Cholangiocyte', 'Kupffer', 'LSEC', 'Monocyte', 'Neutrophil', 'Stellate')",0.6509,"('Cholangiocyte', 'Kupffer', 'LSEC', 'Monocyte', 'Neutrophil', 'Stellate')"
"('Hepatocyte', 'Kupffer', 'LSEC', 'Monocyte', 'Neutrophil', 'Stellate')",0.631,"('Hepatocyte', 'Kupffer', 'LSEC', 'Monocyte', 'Neutrophil', 'Stellate')"
"('B', 'CD8', 'Cholangiocyte', 'Hepatocyte', 'Kupffer', 'LSEC', 'Monocyte')",0.6259,"('B', 'CD8', 'Cholangiocyte', 'Hepatocyte', 'Kupffer', 'LSEC', 'Monocyte')"
"('B', 'CD8', 'Cholangiocyte', 'Hepatocyte', 'Kupffer', 'LSEC', 'Neutrophil')",0.5544,"('B', 'CD8', 'Cholangiocyte', 'Hepatocyte', 'Kupffer', 'LSEC', 'Neutrophil')"
"('B', 'CD8', 'Cholangiocyte', 'Hepatocyte', 'Kupffer', 'LSEC', 'Stellate')",0.6418,"('B', 'CD8', 'Cholangiocyte', 'Hepatocyte', 'Kupffer', 'LSEC', 'Stellate')"
"('B', 'CD8', 'Cholangiocyte', 'Hepatocyte', 'Kupffer', 'Monocyte', 'Neutrophil')",0.7483,"('B', 'CD8', 'Cholangiocyte', 'Hepatocyte', 'Kupffer', 'Monocyte', 'Neutrophil')"
"('B', 'CD8', 'Cholangiocyte', 'Hepatocyte', 'Kupffer', 'Monocyte', 'Stellate')",0.75,"('B', 'CD8', 'Cholangiocyte', 'Hepatocyte', 'Kupffer', 'Monocyte', 'Stellate')"
"('B', 'CD8', 'Cholangiocyte', 'Hepatocyte', 'Kupffer', 'Neutrophil', 'Stellate')",0.7401,"('B', 'CD8', 'Cholangiocyte', 'Hepatocyte', 'Kupffer', 'Neutrophil', 'Stellate')"
"('B', 'CD8', 'Cholangiocyte', 'Hepatocyte', 'LSEC', 'Monocyte', 'Neutrophil')",0.5806,"('B', 'CD8', 'Cholangiocyte', 'Hepatocyte', 'LSEC', 'Monocyte', 'Neutrophil')"
"('B', 'CD8', 'Cholangiocyte', 'Hepatocyte', 'LSEC', 'Monocyte', 'Stellate')",0.6739,"('B', 'CD8', 'Cholangiocyte', 'Hepatocyte', 'LSEC', 'Monocyte', 'Stellate')"
"('B', 'CD8', 'Cholangiocyte', 'Hepatocyte', 'LSEC', 'Neutrophil', 'Stellate')",0.5708,"('B', 'CD8', 'Cholangiocyte', 'Hepatocyte', 'LSEC', 'Neutrophil', 'Stellate')"
"('B', 'CD8', 'Cholangiocyte', 'Hepatocyte', 'Monocyte', 'Neutrophil', 'Stellate')",0.757,"('B', 'CD8', 'Cholangiocyte', 'Hepatocyte', 'Monocyte', 'Neutrophil', 'Stellate')"
"('B', 'CD8', 'Cholangiocyte', 'Kupffer', 'LSEC', 'Monocyte', 'Neutrophil')",0.653,"('B', 'CD8', 'Cholangiocyte', 'Kupffer', 'LSEC', 'Monocyte', 'Neutrophil')"
"('B', 'CD8', 'Cholangiocyte', 'Kupffer', 'LSEC', 'Monocyte', 'Stellate')",0.6837,"('B', 'CD8', 'Cholangiocyte', 'Kupffer', 'LSEC', 'Monocyte', 'Stellate')"
"('B', 'CD8', 'Cholangiocyte', 'Kupffer', 'LSEC', 'Neutrophil', 'Stellate')",0.5775,"('B', 'CD8', 'Cholangiocyte', 'Kupffer', 'LSEC', 'Neutrophil', 'Stellate')"
"('B', 'CD8', 'Cholangiocyte', 'Kupffer', 'Monocyte', 'Neutrophil', 'Stellate')",0.7433,"('B', 'CD8', 'Cholangiocyte', 'Kupffer', 'Monocyte', 'Neutrophil', 'Stellate')"
"('B', 'CD8', 'Cholangiocyte', 'LSEC', 'Monocyte', 'Neutrophil', 'Stellate')",0.6659,"('B', 'CD8', 'Cholangiocyte', 'LSEC', 'Monocyte', 'Neutrophil', 'Stellate')"
"('B', 'CD8', 'Hepatocyte', 'Kupffer', 'LSEC', 'Monocyte', 'Neutrophil')",0.6966,"('B', 'CD8', 'Hepatocyte', 'Kupffer', 'LSEC', 'Monocyte', 'Neutrophil')"
"('B', 'CD8', 'Hepatocyte', 'Kupffer', 'LSEC', 'Monocyte', 'Stellate')",0.5134,"('B', 'CD8', 'Hepatocyte', 'Kupffer', 'LSEC', 'Monocyte', 'Stellate')"
"('B', 'CD8', 'Hepatocyte', 'Kupffer', 'LSEC', 'Neutrophil', 'Stellate')",0.611,"('B', 'CD8', 'Hepatocyte', 'Kupffer', 'LSEC', 'Neutrophil', 'Stellate')"
"('B', 'CD8', 'Hepatocyte', 'Kupffer', 'Monocyte', 'Neutrophil', 'Stellate')",0.6361,"('B', 'CD8', 'Hepatocyte', 'Kupffer', 'Monocyte', 'Neutrophil', 'Stellate')"
"('B', 'CD8', 'Hepatocyte', 'LSEC', 'Monocyte', 'Neutrophil', 'Stellate')",0.63,"('B', 'CD8', 'Hepatocyte', 'LSEC', 'Monocyte', 'Neutrophil', 'Stellate')"
"('B', 'CD8', 'Kupffer', 'LSEC', 'Monocyte', 'Neutrophil', 'Stellate')",0.6527,"('B', 'CD8', 'Kupffer', 'LSEC', 'Monocyte', 'Neutrophil', 'Stellate')"
"('B', 'Cholangiocyte', 'Hepatocyte', 'Kupffer', 'LSEC', 'Monocyte', 'Neutrophil')",0.6069,"('B', 'Cholangiocyte', 'Hepatocyte', 'Kupffer', 'LSEC', 'Monocyte', 'Neutrophil')"
"('B', 'Cholangiocyte', 'Hepatocyte', 'Kupffer', 'LSEC', 'Monocyte', 'Stellate')",0.6947,"('B', 'Cholangiocyte', 'Hepatocyte', 'Kupffer', 'LSEC', 'Monocyte', 'Stellate')"
"('B', 'Cholangiocyte', 'Hepatocyte', 'Kupffer', 'LSEC', 'Neutrophil', 'Stellate')",0.6387,"('B', 'Cholangiocyte', 'Hepatocyte', 'Kupffer', 'LSEC', 'Neutrophil', 'Stellate')"
"('B', 'Cholangiocyte', 'Hepatocyte', 'Kupffer', 'Monocyte', 'Neutrophil', 'Stellate')",0.7474,"('B', 'Cholangiocyte', 'Hepatocyte', 'Kupffer', 'Monocyte', 'Neutrophil', 'Stellate')"
"('B', 'Cholangiocyte', 'Hepatocyte', 'LSEC', 'Monocyte', 'Neutrophil', 'Stellate')",0.6532,"('B', 'Cholangiocyte', 'Hepatocyte', 'LSEC', 'Monocyte', 'Neutrophil', 'Stellate')"
"('B', 'Cholangiocyte', 'Kupffer', 'LSEC', 'Monocyte', 'Neutrophil', 'Stellate')",0.6157,"('B', 'Cholangiocyte', 'Kupffer', 'LSEC', 'Monocyte', 'Neutrophil', 'Stellate')"
"('B', 'Hepatocyte', 'Kupffer', 'LSEC', 'Monocyte', 'Neutrophil', 'Stellate')",0.6277,"('B', 'Hepatocyte', 'Kupffer', 'LSEC', 'Monocyte', 'Neutrophil', 'Stellate')"
"('CD8', 'Cholangiocyte', 'Hepatocyte', 'Kupffer', 'LSEC', 'Monocyte', 'Neutrophil')",0.6205,"('CD8', 'Cholangiocyte', 'Hepatocyte', 'Kupffer', 'LSEC', 'Monocyte', 'Neutrophil')"
"('CD8', 'Cholangiocyte', 'Hepatocyte', 'Kupffer', 'LSEC', 'Monocyte', 'Stellate')",0.6768,"('CD8', 'Cholangiocyte', 'Hepatocyte', 'Kupffer', 'LSEC', 'Monocyte', 'Stellate')"
"('CD8', 'Cholangiocyte', 'Hepatocyte', 'Kupffer', 'LSEC', 'Neutrophil', 'Stellate')",0.635,"('CD8', 'Cholangiocyte', 'Hepatocyte', 'Kupffer', 'LSEC', 'Neutrophil', 'Stellate')"
"('CD8', 'Cholangiocyte', 'Hepatocyte', 'Kupffer', 'Monocyte', 'Neutrophil', 'Stellate')",0.7628,"('CD8', 'Cholangiocyte', 'Hepatocyte', 'Kupffer', 'Monocyte', 'Neutrophil', 'Stellate')"
"('CD8', 'Cholangiocyte', 'Hepatocyte', 'LSEC', 'Monocyte', 'Neutrophil', 'Stellate')",0.6548,"('CD8', 'Cholangiocyte', 'Hepatocyte', 'LSEC', 'Monocyte', 'Neutrophil', 'Stellate')"
"('CD8', 'Cholangiocyte', 'Kupffer', 'LSEC', 'Monocyte', 'Neutrophil', 'Stellate')",0.6196,"('CD8', 'Cholangiocyte', 'Kupffer', 'LSEC', 'Monocyte', 'Neutrophil', 'Stellate')"
"('CD8', 'Hepatocyte', 'Kupffer', 'LSEC', 'Monocyte', 'Neutrophil', 'Stellate')",0.6088,"('CD8', 'Hepatocyte', 'Kupffer', 'LSEC', 'Monocyte', 'Neutrophil', 'Stellate')"
"('Cholangiocyte', 'Hepatocyte', 'Kupffer', 'LSEC', 'Monocyte', 'Neutrophil', 'Stellate')",0.6597,"('Cholangiocyte', 'Hepatocyte', 'Kupffer', 'LSEC', 'Monocyte', 'Neutrophil', 'Stellate')"
"('B', 'CD8', 'Cholangiocyte', 'Hepatocyte', 'Kupffer', 'LSEC', 'Monocyte', 'Neutrophil')",0.6349,"('B', 'CD8', 'Cholangiocyte', 'Hepatocyte', 'Kupffer', 'LSEC', 'Monocyte', 'Neutrophil')"
"('B', 'CD8', 'Cholangiocyte', 'Hepatocyte', 'Kupffer', 'LSEC', 'Monocyte', 'Stellate')",0.6959,"('B', 'CD8', 'Cholangiocyte', 'Hepatocyte', 'Kupffer', 'LSEC', 'Monocyte', 'Stellate')"
"('B', 'CD8', 'Cholangiocyte', 'Hepatocyte', 'Kupffer', 'LSEC', 'Neutrophil', 'Stellate')",0.6266,"('B', 'CD8', 'Cholangiocyte', 'Hepatocyte', 'Kupffer', 'LSEC', 'Neutrophil', 'Stellate')"
"('B', 'CD8', 'Cholangiocyte', 'Hepatocyte', 'Kupffer', 'Monocyte', 'Neutrophil', 'Stellate')",0.7651,"('B', 'CD8', 'Cholangiocyte', 'Hepatocyte', 'Kupffer', 'Monocyte', 'Neutrophil', 'Stellate')"
"('B', 'CD8', 'Cholangiocyte', 'Hepatocyte', 'LSEC', 'Monocyte', 'Neutrophil', 'Stellate')",0.6519,"('B', 'CD8', 'Cholangiocyte', 'Hepatocyte', 'LSEC', 'Monocyte', 'Neutrophil', 'Stellate')"
"('B', 'CD8', 'Cholangiocyte', 'Kupffer', 'LSEC', 'Monocyte', 'Neutrophil', 'Stellate')",0.5611,"('B', 'CD8', 'Cholangiocyte', 'Kupffer', 'LSEC', 'Monocyte', 'Neutrophil', 'Stellate')"
"('B', 'CD8', 'Hepatocyte', 'Kupffer', 'LSEC', 'Monocyte', 'Neutrophil', 'Stellate')",0.583,"('B', 'CD8', 'Hepatocyte', 'Kupffer', 'LSEC', 'Monocyte', 'Neutrophil', 'Stellate')"
"('B', 'Cholangiocyte', 'Hepatocyte', 'Kupffer', 'LSEC', 'Monocyte', 'Neutrophil', 'Stellate')",0.6774,"('B', 'Cholangiocyte', 'Hepatocyte', 'Kupffer', 'LSEC', 'Monocyte', 'Neutrophil', 'Stellate')"
"('CD8', 'Cholangiocyte', 'Hepatocyte', 'Kupffer', 'LSEC', 'Monocyte', 'Neutrophil', 'Stellate')",0.6787,"('CD8', 'Cholangiocyte', 'Hepatocyte', 'Kupffer', 'LSEC', 'Monocyte', 'Neutrophil', 'Stellate')"
"('B', 'CD8', 'Cholangiocyte', 'Hepatocyte', 'Kupffer', 'LSEC', 'Monocyte', 'Neutrophil', 'Stellate')",0.6777,"('B', 'CD8', 'Cholangiocyte', 'Hepatocyte', 'Kupffer', 'LSEC', 'Monocyte', 'Neutrophil', 'Stellate')"
